postsyn_consensus_list,presyn_consensus
DNM1,AAK1
ADAM22,ATP6V0A1
CAMK2A,ATP6V1B1
CDK5,ATP8A1
CNTNAP1,CADM1
DLG2,DNM3
KALRN,EXOC3
NCKAP1,EXOC4
NEFL,FLOT1
PPP3CA,FLOT2
RAC1,GLUL
SHANK1,GRM2
SPTBN1,GRM3
SYNGAP1,KCNA3
YWHAE,KCNAB2
ANK2,KCNJ3
BAIAP2,NAPA
CAMK2B,NAPB
CAMK2G,NCSTN
CAPZA2,NFASC
CASKIN1,NRXN1
CNTN1,PDE2A
CYFIP1,PFN2
CYFIP2,RAB10
DLG1,RAB11B
DLGAP1,RAB14
EPB41L3,RAB1A
GLUL,RAB2A
GNB1,RAB4A
GRIN1,RAB4B
GRIN2B,RAB5B
GRM3,RAB6A
IQSEC1,RAB7
IQSEC2,RAB8A
KIF5C,RGS7
LGI1,RTN4
MAPK1,SCAMP1
NSF,SLC1A2
PRKCB,SLC2A3
PURA,SLC6A1
SHANK2,SLC9A6
YWHAB,SNAP25
YWHAG,STX12
YWHAZ,STX1A
ABI1,STX1B
ABLIM1,STXBP1
ABR,SV2A
ADD1,SV2B
AGAP2,SYNPR
ANKS1B,SYP
ATP1A1,SYT2
BASP1,SYT7
CAMK2D,VAMP2
CFL1,VAMP3
CLTC,VAMP7
DLG3,39692
DLG4,4932438A13RIK
DLGAP2,6330403A02RIK
DLGAP3,A830010M20RIK
DLGAP4,ABCC8
DNAJC6,ACHE
DNM3,ACTA1
DPYSL2,ACTB
DSTN,ACTG1
DYNC1H1,ACTN2
ERC2,ACTR1A
EXOC4,ADAM10
FBXO41,ADAM23
FYN,ADCY8
GAP43,ADCYAP1
GNAO1,ADCYAP1R1
GRIA1,ADGRL1
GRIA2,ADORA1
GRIA3,ADORA2A
GRIN2A,ADRA1A
GRM5,ADRA2A
HOMER1,ADRA2C
INA,AGPAT1
KCNAB2,AHCY
MACF1,AKR1E1
MAP1A,AKR1E2
MAP1B,ALCAM
MAP2,ALPL
MAP2K1,AMPH
MAPT,ANKS1B
MPP2,ANXA5
NCDN,ANXA7
NEFH,AP1B1
NEFM,AP1G1
NRXN1,AP1S1
PALM,AP2A2
PGAM5,AP2B1
PHB2,AP2S1
PLCB1,AP3D1
PLP1,APBA1
PPIA,APBA2
PRDX2,APBB1
PRKACB,APH1A
PRKCG,APLP2
PTPRS,APP
RAPGEF2,AQP1
RAPGEF4,ARF1
RPL12,ARHGAP44
RPL38,ARL6IP5
RPL4,ARL8B
RPL6,ARPC2
RPL7,ASPM
RPL8,ASTN1
RPLP0,ATG9A
RPS13,ATL2
RPS19,ATP1A1
RTN1,ATP1A2
SEPT3,ATP1A3
SFXN3,ATP1B1
SHANK3,ATP1B3
SNAP91,ATP2B1
STX1A,ATP2B2
SYN3,ATP2B3
SYNPO,ATP2B4
TNR,ATP5F1
TPM3,ATP6AP2
TPPP,ATP6V0C
UBA1,ATP6V0D1
WASF1,ATP6V1D
YWHAH,ATP6V1G1
YWHAQ,ATP6V1G2
AAK1,ATP6V1H
ACAT1,ATP9A
ACSL6,BACE1
ACTN2,BAIAP2
ACTN4,BCL2L1
ACTR1A,BDNF
ACTR3,BEGAIN
ADAM23,BIN1
ADD2,BLVRB
ADD3,BRSK1
AGK,BSN
ALDOA,C1QBP
AMPH,C1QL1
AP2A1,CACNA1A
ARC,CACNA1B
ARHGEF2,CACNA1C
ATP1A2,CACNA1D
ATP1B1,CACNA1E
ATP2A2,CACNA1H
ATP2B2,CACNA2D1
ATP6V0D1,CACNB1
ATP6V1A,CACNB4
ATP6V1B2,CAD
ATP6V1C1,CADM3
ATP6V1D,CADPS
ATP6V1E1,CADPS2
ATP6V1H,CALB1
BCAN,CALCA
BCR,CALM1
BRSK1,CALM2
BSN,CALM3
CACNA2D1,CAMK2A
CAP2,CANX
CASK,CASK
CCT2,CASR
CCT3,CCK
CDC42BPB,CCKAR
CDH2,CCL2
CEND1,CCT5
CHCHD3,CDC42
CHMP4B,CDH1
CIT,CDH10
CKAP5,CDH13
CKB,CDH2
CLU,CDH8
CNP,CDH9
CS,CDK16
CSNK2A1,CDK5R1
CTNNB1,CHRM1
CTNND1,CHRM3
CYLD,CHRM4
DCLK1,CHRNA4
DCLK2,CHRNA6
DCTN1,CHRNA7
DCTN2,CHRNB2
DDX1,CKAP5
DGKB,CLCN3
DIP2B,CLN3
DIRAS2,CLTA
DLAT,CLTB
DLD,CLTC
DLST,CNGA1
DMXL2,CNR1
DNAJC11,CNTN1
DNM2,CNTN5
DST,CNTN6
DYNC1LI1,CNTNAP1
EEF1A1,CNTNAP4
EEF1A2,COMT
EEF1G,COPS4
EFR3B,COPS5
ENO1,COPS6
ENO2,CPLX1
EPB41L1,CPLX2
EPHA4,CPLX3
FARP1,CPLX4
FBXO2,CRHBP
FLOT1,CRHR2
FLOT2,CSRP1
FSCN1,CTBP1
GABBR2,CTBP2
GABRA1,CTNNA2
GAPDH,CTNNB1
GFAP,CTNND1
GLUD1,CTTNBP2
GNAI2,CYFIP1
GNAS,CYP19A1
GNAZ,CYP46A1
GNB2,CYTH1
GNB5,D230025D16RIK
GRIA4,DAAM1
GRIN2D,DBH
GSK3B,DBI
GSN,DDC
HADHA,DEM1
HADHB,DGKE
HAPLN1,DGKI
HIP1R,DGKQ
HK1,DISC1
HSD17B4,DIXDC1
HSPA12A,DLG1
HSPA5,DLG4
HSPA8,DMD
HSPA9,DMXL2
HSPD1,DNAJC5
IDH3A,DNAJC6
IGSF21,DNM1
IMMT,DNM1L
KCNA2,DOC2A
KIF2A,DPP10
KIF5B,DPYSL2
LIN7A,DRD1
LRPPRC,DRD2
LRRC59,DRD4
LRRC7,DTNBP1
MAP4,DVL1
MAP6,DYNC1LI1
MBP,EFNB1
MDH2,EFNB2
MINK1,EFNB3
MYO5A,EFR3B
NBEA,EHD3
NCAM2,ELK1
NDUFA10,EMB
NDUFA4,ENO1
NDUFS1,ENTPD1
NDUFS3,ENTPD2
NEGR1,EPB41
NFASC,EPHA3
NPTN,EPHA4
PABPC1,EPHB2
PCLO,EPN1
PDE2A,EPS15
PDHA1,ERBB4
PDHB,ERC1
PGAM1,ERC2
PPIB,ESR1
PPP1CC,FAAH
PPP1R9B,FAM126B
PPP2R1A,FASN
PRDX1,FBXO45
PRKAR2B,FCHO2
PRKCE,FGF12
PTK2B,FH
PTPRZ1,FKBP1A
PURB,FLRT3
RAB10,FMNL2
RAB14,FMR1
RALA,FOSL1
RAP1A,FXYD6
RHOG,FYN
RPL14,FZD3
RPL24,GABBR1
RPL30,GABBR2
RPL5,GABRA2
RPL7A,GABRA5
RPN1,GABRA6
RPS14,GABRB3
RPS18,GAD1
RPS25,GAD2
RPS3,GDF7
RPS8,GGT7
RTN4,GHRH
RYR2,GIPC1
SEPT11,GIT1
SEPT5,GIT2
SLC1A2,GLRA1
SLC25A11,GM1840
SLC25A12,GM20708
SLC25A4,GNA11
SLC25A5,GNAI1
SND1,GNAI2
SORBS2,GNAI3
SPTAN1,GNAQ
SRC,GNB2
STRN,GNB4
STX1B,GNB5
STXBP1,GNG3
SYN1,GNG4
SYNE1,GNRH1
SYNGR3,GOT1
SYNJ1,GPC4
SYP,GPER1
SYT1,GPI
TCP1,GPM6A
TRIO,GRIA1
UQCRC1,GRIA2
UQCRC2,GRIA3
VCP,GRIA4
VPS35,GRIK1
WDR37,GRIK2
WDR7,GRIK3
AARS,GRIK4
ABCB8,GRIK5
ABCD3,GRIN1
ACLY,GRIN2A
ACO2,GRIN2B
ACSL3,GRM1
ACTB,GRM4
ACTR2,GRM6
AFG3L2,GRM7
AHCYL1,GRM8
AKAP5,GSTM1
ALDH6A1,GSTM5
ALDOC,GUCY1B1
ANK3,HADHB
ANXA11,HAP1
ANXA6,HCN1
AP1B1,HCN3
AP2A2,HCN4
AP2B1,HEPACAM
AP2M1,HIP1
AP2S1,HNRNPAB
AP3B2,HNRNPK
ARF1,HNRNPR
ARF3,HORMAD1
ARF5,HPCA
ARFGEF2,HPCAL1
ARHGAP1,HPCAL4
ARHGEF9,HRAS
ARPC2,HSPA8
ARPC3,HTR1A
ARPC4,HTR1B
ATAD3A,HTR2A
ATL1,HTR3A
ATP1A3,HTR7
ATP2B1,HTT
ATP2B4,ICA1
ATP5A1,ICAM5
ATP5B,IGSF21
ATP5C1,ILK
ATP6V0A1,IQSEC2
BCAS1,ITGA2
BIN1,ITPR1
CACYBP,ITPR3
CAMKV,ITSN1
CAND1,KALRN
CAPZB,KCNA1
CCT4,KCNA2
CCT5,KCNA4
CCT6A,KCNA6
CCT7,KCNC1
CCT8,KCNC2
CDH13,KCNC3
CHCHD6,KCNC4
CISD1,KCNH1
CKAP4,KCNIP3
CLIP2,KCNJ6
CLTB,KCNJ9
CNKSR2,KCNK2
CNTN2,KCNK9
CNTNAP2,KCNMA1
COX5A,KCTD12
COX6C,KCTD16
CPT1A,KIDINS220
CRMP1,KIF1A
CRYM,KIF21A
CSNK1D,KIF3C
CTBP1,KRAS
CTNNA2,L1CAM
CTNND2,LAMP1
CYCS,LAMP2
DAB2IP,LAMTOR1
DBN1,LGI1
DBNL,LGI3
DDOST,LNP
DDX3X,LPAR2
DECR1,LRFN3
DHX30,LRRC47
DNAJA1,LRRC8A
DNAJA2,LRRK2
DNAJA3,MADD
DNAJB6,MAL2
DPP6,MAPK1
DYNC1I1,MAPRE3
DYNC1I2,MARCKSL1
DYNC1LI2,MCTP1
DYNLL2,MCTP2
EEF2,MCTS1
EHD3,MFF
EIF4A2,MGST3
ENPP6,MICAL1
EPB41L2,MME
EPRS,MPP4
EPS15L1,MPP6
EXOC1,MRAS
EXOC2,MT3
EXOC3,MTMR2
EXOC5,MYLK2
EXOC6B,MYO5A
EXOC7,MYO6
EXOC8,NCALD
EZR,NCAM1
FAM81A,NCAM2
FARSA,NCKAP1
FARSB,NCOA2
FASN,NCS1
FXR2,NDEL1
G3BP2,NDRG2
GABARAPL2,NDRG3
GABBR1,NDUFS2
GDI1,NECTIN1
GDI2,NEFL
GIPC1,NEFM
GIT1,NEGR1
GJA1,NGF
GNA11,NISCH
GNA13,NLGN1
GNAI1,NLGN2
GNAQ,NMU
GNG3,NOS1
GNG7,NOS1AP
GPD2,NPFF
GPHN,NPY
GPM6A,NPY1R
GRM2,NR3C2
HNRNPA1,NRXN2
HNRNPK,NRXN3
HNRNPM,NSF
HOMER2,NTF3
HPCA,NTF5
HSD17B12,NTNG1
HSP90AA1,NTNG2
HSP90AB1,NTRK2
HSPA2,NTS
HSPH1,NTSR1
HTT,NUFIP1
ICAM5,OPHN1
IQSEC3,OPN1SW
ITSN1,OPRD1
JUP,OPRK1
KBTBD11,OPRM1
LANCL2,OTOF
LASP1,OXT
LETM1,P2RX1
LRRC47,P2RX2
LY6H,P2RX3
MAGI2,P2RX4
MAOA,P2RY1
MAOB,P2RY2
MAPK3,P2RY4
MAPK8IP3,PACSIN1
MAPRE2,PBP2
MAPRE3,PCDH1
MLF2,PCDH17
MPP6,PCDH7
MT-CO2,PCLO
MTCH1,PDE4B
MTCH2,PDXK
MYH9,PDYN
MYL6,PEBP1
MYO18A,PEF1
MYO6,PENK
NAPA,PFN1
NAPB,PGR
NAPG,PHB
NCAN,PHB2
NCKIPSD,PI4K2A
NDUFA5,PICALM
NDUFA7,PICK1
NDUFA9,PINK1
NDUFB10,PIP5K1C
NDUFS2,PLEKHG5
NDUFS7,PLEKHH3
NDUFV1,PLXNA4
NDUFV2,PLXNB2
NF1,PNMT
NIPSNAP1,PNOC
NLGN2,POLG
NME1,PPFIA2
NPTX1,PPFIA3
NTRK2,PPFIA4
NUMBL,PPFIBP2
OGDH,PPP1CA
OMG,PPP1CC
OPA1,PPP2CA
OXCT1,PPP2R5E
PACS1,PPP3CC
PACSIN1,PPT1
PAK1,PRKACA
PCBP1,PRKAR1B
PCBP2,PRKAR2A
PDIA3,PRKCA
PDXK,PRKCB
PFKL,PRKCE
PFKM,PRKCG
PFKP,PRKN
PHB,PRPH
PHGDH,PRRT2
PIN1,PRSS12
PIP4K2B,PSEN1
PIP5K1C,PSEN2
PKP4,PSENEN
PPFIA3,PSMA2
PPP1CB,PSMA7
PPP1R7,PSMC1
PPP1R9A,PSMD12
PPP2CA,PTN
PPP3CB,PTP4A2
PRDX5,PTPN5
PRKAR1A,PTPRD
PRKCA,PTPRN
PRRT1,PTPRN2
PSD,PTPRS
PSD3,RAB12
PYGB,RAB15
QDPR,RAB21
RAB11FIP5,RAB26
RAB1A,RAB27B
RAB3C,RAB2B
RAB5C,RAB33B
RAB6A,RAB35
RARS,RAB39B
RASAL1,RAB3A
RGS7,RAB3B
RHOB,RAB3C
RHOT1,RAB3D
ROCK2,RAB3GAP1
RPL11,RAB5A
RPL13,RAB5C
RPL18A,RAB6B
RPL23,RAB7A
RPL23A,RAB8B
RPL3,RAC1
RPL35,RAP1A
RPL9,RAPGEF3
RPN2,RAPGEF4
RPS11,RASAL1
RPS16,RASAL2
RPS3A,RGS10
RPS5,RGS7BP
RTN3,RHOA
RUFY3,RHOB
SAMM50,RIMBP2
SBF1,RIMS1
SCCPDH,RIMS2
SDCBP,RIMS3
SEC22B,RIMS4
SEC23A,RNF112
SEPT2,RNF40
SEPT6,ROGDI
SEPT7,ROR1
SEPT8,RPH3A
SEPT9,RPL22
SFN,RPL26
SFXN5,RTN1
SGIP1,RTN3
SH3GL2,RTN4R
SLC12A5,RUNX3
SLC17A7,S100A1
SLC1A3,S100A13
SLC25A13,SCAMP5
SLC25A3,SCN10A
SLC27A4,SCN11A
SLC4A4,SCN1A
SLK,SCN2A
SNAP25,SCN2A1
SNTA1,SCN8A
SNX27,SCRIB
SORBS1,SEC22B
SPTBN2,SEMA4C
STOML2,SEPT1
STRN4,SEPT3
STUB1,SEPT4
STX12,SEPT5
STXBP5,SEPT6
SUCLA2,SEPT7
SUCLG1,SEPT8
SV2A,SERTAD4
SYN2,SGIP1
SYT5,SGTA
SYT7,SH3GL1
TAGLN3,SH3GL2
TFAM,SH3GL3
TJP2,SH3GLB1
TKT,SHANK2
TLN2,SHH
TOMM70A,SLC10A4
TPI1,SLC17A6
TPM1,SLC17A7
TRIM3,SLC17A8
TTC7B,SLC18A1
TUBB2A,SLC18A2
TXNL1,SLC18A3
UBE2N,SLC1A3
UBR4,SLC1A6
UCHL1,SLC1A7
UNC13A,SLC24A4
UPF1,SLC29A1
VAMP2,SLC2A4
VAPA,SLC2A8
VAPB,SLC30A3
VCAN,SLC32A1
VDAC1,SLC38A3
VDAC3,SLC40A1
VIM,SLC4A10
VPS16,SLC4A4
VPS33A,SLC4A7
VPS45,SLC5A7
VPS4A,SLC6A11
VSNL1,SLC6A17
WDR1,SLC6A2
WDR47,SLC6A3
XPO1,SLC6A4
ABI2,SLC6A5
ABLIM2,SLC6A9
ACACA,SLC7A14
ACOT7,SLC8A1
ACTN1,SLC8A2
ADRBK1,SLC9B2
AHSA1,SNAP47
AIFM1,SNAP91
AIFM3,SNAPIN
AK1,SNCA
AK3,SNCB
AKAP12,SNCG
AKR1A1,SNPH
ALDH1L1,SNX1
ALDH3A2,SPHK1
ALDH5A1,SPTBN1
ANK1,SPTBN2
ANXA1,SRI
ANXA2,STON2
ANXA5,STX11
ANXA7,STX16
AP1G1,STX19
AP3D1,STX2
AP3M2,STX3
APPL1,STX4A
ARHGAP23,STX6
ARHGDIA,STX7
ARHGEF7,STX8
ARMC10,STXBP3
ARVCF,STXBP5
ATAD1,SV2C
ATIC,SVOP
ATL2,SYAP1
ATP13A1,SYN1
ATP1B2,SYN2
ATP2B3,SYN3
ATP5F1,SYNGR1
ATP5H,SYNGR2
ATP5J2,SYNGR3
ATP5L,SYNGR4
ATP5O,SYNJ1
ATP6V1G2,SYNJ2
ATP8A1,SYPL
BCKDK,SYPL2
BEGAIN,SYT1
BTBD17,SYT11
C1QBP,SYT12
CA4,SYT4
CACNB1,SYT5
CACNB3,SYT8
CACNG3,SYT9
CADPS,TANC1
CAMKK1,TBC1D9B
CAMKK2,TCEB1
CAP1,TH
CAPN1,TM9SF4
CAPN5,TMED9
CAPZA1,TMEM163
CBR1,TMEM222
CCNY,TMEM230
CDC42,TNN
CDH10,TNR
CDKL5,TOR1A
CLASP2,TPPP
CLTA,TPRGL
CNDP2,TRAPPC4
COPA,TRIM9
COPB2,TRPM7
CORO1A,TRPV2
CORO1B,TSPOAP1
CORO1C,TTYH3
CORO2B,TULP1
COX4I1,UCN
COX5B,UCN3
COX6B1,UNC13A
CPNE5,UNC13B
CPNE6,UNC13C
CRAT,UQCRH
CRIP2,USH2A
CRKL,USP5
CRYAB,VAMP1
CYB5R1,VAMP4
CYC1,VBP1
CYTH3,VDAC1
DAAM1,VDAC2
DARS,VDAC3
DCAKD,VPS11
DCTN3,VPS18
DCTN4,VPS33B
DDX17,VPS35
DDX6,VPS45
DGKZ,VPS51
DIRAS1,VSNL1
DMD,VTI1A
DMWD,VTI1B
DNAJB1,WASF3
DNAJB2,WDR7
DNAJB4,WFS1
DNM1L,YKT6
DOCK3,YWHAG
DPYSL4,YWHAH
DTNA,YWHAQ
DUSP3,ZFP804A
DYNLRB1,NA
EHD1,NA
EIF4G1,NA
ELMO2,NA
ERC1,NA
ERLIN2,NA
FAM49A,NA
FKBP8,NA
FMNL2,NA
FN3K,NA
FSD1,NA
GAD1,NA
GDAP1,NA
GDAP1L1,NA
GK,NA
GLS,NA
GNB4,NA
GNG12,NA
GNL1,NA
GOT2,NA
GPI,NA
GPR158,NA
GPRIN1,NA
GPX4,NA
GRM1,NA
GSTM3,NA
GUK1,NA
HADH,NA
HDLBP,NA
HMOX2,NA
HNRNPA3,NA
HSDL1,NA
HSP90B1,NA
HSPA1A,NA
HSPA4L,NA
HSPB1,NA
IARS2,NA
IDH2,NA
IDH3G,NA
IGSF8,NA
INF2,NA
IPO5,NA
ITPR1,NA
KARS,NA
KCTD16,NA
KIF21A,NA
KLC2,NA
KPNB1,NA
KRAS,NA
L1CAM,NA
LDHA,NA
LDHB,NA
LIN7B,NA
LINGO1,NA
LLGL1,NA
LRRC8A,NA
LSAMP,NA
LZTS1,NA
MACROD1,NA
MAG,NA
MAP1LC3A,NA
MAP2K2,NA
MARK1,NA
MCCC1,NA
MCCC2,NA
MFF,NA
MFN2,NA
MOG,NA
MPRIP,NA
MRPS36,NA
MTDH,NA
MTHFD1,NA
MTX1,NA
MYH10,NA
MYH14,NA
MYO1D,NA
NAP1L4,NA
NCALD,NA
NCAM1,NA
NDUFA13,NA
NDUFA2,NA
NDUFB4,NA
NDUFB6,NA
NDUFB7,NA
NDUFB8,NA
NDUFB9,NA
NDUFS6,NA
NEBL,NA
NGEF,NA
NPEPPS,NA
NRCAM,NA
NRXN3,NA
OGDHL,NA
OGT,NA
OLFM1,NA
OPCML,NA
OXR1,NA
PADI2,NA
PAFAH1B1,NA
PAICS,NA
PALM2,NA
PARK7,NA
PDCD6IP,NA
PDHX,NA
PDPK1,NA
PEX11B,NA
PFN1,NA
PFN2,NA
PGK1,NA
PGRMC1,NA
PHACTR1,NA
PHYHIP,NA
PI4KA,NA
PICALM,NA
PIP4K2A,NA
PKM,NA
PLD3,NA
PLXNA1,NA
PLXNA4,NA
POR,NA
PPP1CA,NA
PPP2R5D,NA
PREX1,NA
PRNP,NA
PRR7,NA
PSMC1,NA
PSMD11,NA
PSMD2,NA
PTK2,NA
PTPN11,NA
PTPN23,NA
PTPRD,NA
PYGM,NA
RAB11B,NA
RAB12,NA
RAB18,NA
RAB21,NA
RAB35,NA
RAB3A,NA
RAB3GAP1,NA
RAB3GAP2,NA
RANGAP1,NA
RAP1GAP,NA
RAP1GDS1,NA
RASAL2,NA
RASGRF2,NA
RHOA,NA
RIMBP2,NA
RIMS1,NA
ROGDI,NA
RPL10A,NA
RPL13A,NA
RPL18,NA
RPL19,NA
RPL22,NA
RPL27,NA
RPL31,NA
RPS17,NA
RPS2,NA
RPS6,NA
RPSA,NA
SACM1L,NA
SARS,NA
SCRIB,NA
SCRN1,NA
SFPQ,NA
SFXN1,NA
SH3GL1,NA
SH3GL3,NA
SH3GLB2,NA
SH3KBP1,NA
SHMT2,NA
SIPA1L1,NA
SLC12A2,NA
SLC25A22,NA
SLC27A1,NA
SLC2A1,NA
SLC3A2,NA
SLC4A1,NA
SLC8A2,NA
SNCA,NA
SNX1,NA
SNX4,NA
SNX6,NA
SPECC1,NA
SPTBN4,NA
SRGAP3,NA
SRI,NA
SRR,NA
SSBP1,NA
STK32C,NA
STK39,NA
STRAP,NA
STX7,NA
SYNCRIP,NA
TAOK1,NA
TBC1D24,NA
TBCB,NA
TBCD,NA
TBK1,NA
THY1,NA
TIMM50,NA
TJP1,NA
TMEM33,NA
TMOD2,NA
TNC,NA
TOM1L2,NA
TRAP1,NA
TRAPPC3,NA
TRIM2,NA
TSC1,NA
TSC2,NA
TSG101,NA
TUBA1A,NA
TUBA4A,NA
TUBB2B,NA
TUBB3,NA
TUBB6,NA
TUFM,NA
UBL4A,NA
UQCRFS1,NA
USO1,NA
USP14,NA
USP5,NA
USP9X,NA
VAC14,NA
VAMP3,NA
VARS,NA
VCPIP1,NA
VDAC2,NA
VGF,NA
VPS11,NA
VPS29,NA
VPS52,NA
VPS53,NA
VTA1,NA
WASF3,NA
WASL,NA
YES1,NA
ABCF3,NA
ACADVL,NA
ACBD5,NA
ACOT9,NA
ACSBG1,NA
ACSL4,NA
ACTR1B,NA
ACTR3B,NA
ACYP2,NA
ADAM11,NA
ADCY1,NA
AGAP1,NA
AGAP3,NA
AHCY,NA
AIP,NA
AK5,NA
AKR1C1,NA
ALDH2,NA
AMPD2,NA
ANXA4,NA
AP1M1,NA
AP1S1,NA
AP3S1,NA
APOE,NA
APOO,NA
APOOL,NA
APP,NA
AQP1,NA
AQP4,NA
ARCN1,NA
ARF6,NA
ARFGAP1,NA
ARFGAP2,NA
ARHGAP21,NA
ARHGAP26,NA
ARHGAP32,NA
ARHGAP44,NA
ARL8B,NA
ARPC1A,NA
ARRB1,NA
ASTN1,NA
ATP12A,NA
ATP1A4,NA
ATP5D,NA
ATP5I,NA
ATP6V1G1,NA
ATPIF1,NA
ATXN10,NA
BDH1,NA
BLVRB,NA
BRSK2,NA
BSG,NA
CACNA1E,NA
CACNA2D2,NA
CACNA2D3,NA
CACNB4,NA
CACNG2,NA
CADPS2,NA
CALCOCO1,NA
CALR,NA
CAMK1D,NA
CANX,NA
CC2D1A,NA
CCDC127,NA
CD59,NA
CD9,NA
CDC42BPA,NA
CELF2,NA
CHL1,NA
CLASP1,NA
CMPK1,NA
COASY,NA
COPS3,NA
COPS4,NA
CORO2A,NA
COX7A2L,NA
CRTAC1,NA
CRYZ,NA
CSE1L,NA
CSNK1E,NA
CSNK2A2,NA
CSRP1,NA
CST3,NA
CTNNA1,NA
CTTN,NA
CTTNBP2,NA
CUL3,NA
CYB5B,NA
DAAM2,NA
DBT,NA
DDAH1,NA
DDRGK1,NA
DDX5,NA
DES,NA
DHRS7B,NA
DNAJC19,NA
DOCK4,NA
DOCK9,NA
DPM1,NA
DPYSL3,NA
DPYSL5,NA
DSP,NA
DYNLL1,NA
EEA1,NA
EEF1B2,NA
EEF1D,NA
EFHD2,NA
EFR3A,NA
EIF2S1,NA
EIF3A,NA
EIF3C,NA
EMC2,NA
EMD,NA
EPB41,NA
ETFB,NA
FAAH,NA
FABP7,NA
FAM131B,NA
FAM171A1,NA
FAM171A2,NA
FAM171B,NA
FAM49B,NA
FH,NA
FIBP,NA
FIS1,NA
FKBP3,NA
FLII,NA
FLNA,NA
FMN2,NA
FMNL1,NA
FTH1,NA
FUS,NA
GABRA4,NA
GABRB2,NA
GABRG2,NA
GAK,NA
GAPVD1,NA
GAS7,NA
GBAS,NA
GLG1,NA
GLIPR2,NA
GNA14,NA
GNAI3,NA
GNG2,NA
GOT1,NA
GPC1,NA
GPRC5B,NA
GPSM1,NA
GPX1,NA
GRIK2,NA
GRIPAP1,NA
GSK3A,NA
GSTK1,NA
HAPLN2,NA
HCN2,NA
HECW1,NA
HECW2,NA
HGS,NA
HNRNPA2B1,NA
HOMER3,NA
HOOK3,NA
HRAS,NA
HSDL2,NA
HSPA1B,NA
HSPA1L,NA
HUWE1,NA
IDH3B,NA
IPO7,NA
ITPKA,NA
KCNA1,NA
KCNA4,NA
KCNAB1,NA
KCNJ10,NA
KCNQ2,NA
KCTD12,NA
KIAA0513,NA
KIAA1217,NA
KIAA1468,NA
KIAA1549,NA
KIF1A,NA
KIF3A,NA
KIF5A,NA
KLC1,NA
KPNA1,NA
KTN1,NA
LGI3,NA
LIMCH1,NA
LIN7C,NA
LMNB2,NA
LONP1,NA
LPHN1,NA
LPHN3,NA
LRP1,NA
LRRC57,NA
LYN,NA
MADD,NA
MAP6D1,NA
MAP7D1,NA
MAPK10,NA
MARCKSL1,NA
MARK2,NA
MARS,NA
MDH1,NA
MLLT4,NA
MPP1,NA
MRAS,NA
MTHFD1L,NA
MYCBP2,NA
MYH11,NA
MYL6B,NA
MYO1B,NA
MYO1C,NA
NCK2,NA
NDRG1,NA
NDRG2,NA
NDUFA12,NA
NDUFA8,NA
NDUFC2,NA
NDUFS8,NA
NLGN3,NA
NME3,NA
NOMO1,NA
NOS1,NA
NPM1,NA
NRGN,NA
NSFL1C,NA
NTM,NA
OLA1,NA
OTUB1,NA
PA2G4,NA
PBXIP1,NA
PC,NA
PCCA,NA
PCDH1,NA
PCMT1,NA
PDE4D,NA
PDIA6,NA
PDK3,NA
PEA15,NA
PEBP1,NA
PEX5L,NA
PGM2L1,NA
PITPNA,NA
PITPNM1,NA
PLCB4,NA
PLCD3,NA
PLEKHA6,NA
PLXNA2,NA
PMVK,NA
PNPLA6,NA
PPAP2B,NA
PPFIA2,NA
PPFIA4,NA
PPM1E,NA
PPP1R12A,NA
PRAF2,NA
PRDX6,NA
PRKAR2A,NA
PRKDC,NA
PRKRA,NA
PRODH,NA
PROSC,NA
PRPS1,NA
PSMC3,NA
PSMC6,NA
PSMD14,NA
PSMD3,NA
PSPC1,NA
PTGES3,NA
PTPRF,NA
RAB11FIP2,NA
RAB1B,NA
RAB2A,NA
RAB39B,NA
RAB4B,NA
RAB5A,NA
RAB5B,NA
RAB6B,NA
RAB8A,NA
RAB8B,NA
RABEP1,NA
RAN,NA
RAP2A,NA
RAP2C,NA
RDH14,NA
RFTN1,NA
RGS7BP,NA
RHEB,NA
RIN1,NA
RNH1,NA
RPH3A,NA
RPL10,NA
RPL17,NA
RPL26,NA
RPL28,NA
RPL36,NA
RPS10,NA
RPS15A,NA
RPS27,NA
RPS4X,NA
RPS7,NA
RPS9,NA
RRBP1,NA
SACS,NA
SAR1A,NA
SCAI,NA
SDHA,NA
SEC13,NA
SEC24C,NA
SEC31A,NA
SEPT4,NA
SESTD1,NA
SGSM1,NA
SH3BGRL2,NA
SHISA7,NA
SIRPA,NA
SIRT2,NA
SLC25A1,NA
SLC25A18,NA
SLC25A31,NA
SLC25A46,NA
SLC25A6,NA
SNPH,NA
SNX12,NA
SNX2,NA
SNX3,NA
SOGA3,NA
SRGAP2,NA
STAT1,NA
STOM,NA
STXBP3,NA
SYNGR1,NA
SYNM,NA
SYT2,NA
TALDO1,NA
TANC2,NA
TAOK2,NA
TBC1D10B,NA
TLN1,NA
TMOD1,NA
TNIK,NA
TOLLIP,NA
TOMM34,NA
TPM4,NA
TRAF3,NA
TRAPPC11,NA
TRIM9,NA
TTC37,NA
TUBA1B,NA
TUBB4B,NA
TWF1,NA
TWF2,NA
UBE2M,NA
UBE2V2,NA
UBXN6,NA
UGP2,NA
UQCRB,NA
UQCRH,NA
USMG5,NA
VAT1,NA
VCL,NA
VPS18,NA
VPS26B,NA
VPS51,NA
WDR48,NA
WFS1,NA
YARS,NA
YARS2,NA
AASDHPPT,NA
ABAT,NA
ABHD12,NA
ABHD17B,NA
ABHD6,NA
ABLIM3,NA
ACAA1,NA
ACAA2,NA
ACAD9,NA
ACADSB,NA
ACOT8,NA
ACP1,NA
ACTA1,NA
ACTN3,NA
ADCY2,NA
ADCY5,NA
ADCY8,NA
ADGRL1,NA
AGL,NA
AGPAT3,NA
AGPAT4,NA
AGPAT5,NA
AK4,NA
AKAP2,NA
AKR7A2,NA
ALB,NA
ALDH4A1,NA
ALDH7A1,NA
ALYREF,NA
ANKFY1,NA
ANKRD24,NA
AP3S2,NA
APC,NA
APOL2,NA
ARFGAP3,NA
ARFGEF3,NA
ARHGAP35,NA
ARL1,NA
ARL15,NA
ARL6IP5,NA
ARPC5L,NA
ASAP1,NA
ASNA1,NA
ATCAY,NA
ATG2B,NA
ATP2A1,NA
ATP5E,NA
ATP6AP1,NA
ATP8A2,NA
ATP9A,NA
AUH,NA
AVL9,NA
BAG5,NA
BAI1,NA
BPHL,NA
BRK1,NA
BTBD11,NA
C1QC,NA
C22orf28,NA
C2CD2L,NA
C2CD4C,NA
C2CD5,NA
C3,NA
CA2,NA
CAB39,NA
CACNA1B,NA
CACNA1C,NA
CACNG8,NA
CAD,NA
CADM1,NA
CALB2,NA
CAMSAP3,NA
CAND2,NA
CAPG,NA
CAPN2,NA
CAPRIN1,NA
CAT,NA
CBR3,NA
CCDC6,NA
CCT6B,NA
CD47,NA
CD81,NA
CDH4,NA
CDIPT,NA
CDK5RAP3,NA
CDS2,NA
CEP170,NA
CEP170B,NA
CFL2,NA
CHMP2B,NA
CHMP6,NA
CKMT1B,NA
CLCN6,NA
CLDN11,NA
CLIP1,NA
CLIP3,NA
CLMN,NA
CLSTN1,NA
CNIH2,NA
CNOT1,NA
CNR1,NA
CNRIP1,NA
COMTD1,NA
COPB1,NA
COQ10B,NA
CPNE2,NA
CPNE3,NA
CPNE4,NA
CSDE1,NA
CSNK1G3,NA
CSNK2B,NA
CSPG5,NA
CYB5R3,NA
CYP46A1,NA
CYTH2,NA
DAD1,NA
DAGLA,NA
DCX,NA
DDB1,NA
DDX39B,NA
DGKE,NA
DHRS4,NA
DMTN,NA
DNAJC13,NA
DOC2A,NA
DOCK1,NA
DOCK2,NA
DOCK5,NA
DRG2,NA
DYNLT3,NA
ECI2,NA
EHD4,NA
EIF2AK2,NA
EIF4A1,NA
EIF4E,NA
EIF4H,NA
EIF5A,NA
ELFN2,NA
EMC1,NA
ENAH,NA
ENDOD1,NA
ENDOG,NA
ENO3,NA
EPB49,NA
EPDR1,NA
EPN1,NA
ERBB2IP,NA
ERGIC1,NA
ERP44,NA
ESYT1,NA
ETFA,NA
ETFDH,NA
EXOC6,NA
FABP3,NA
FAF2,NA
FAM213A,NA
FAM82A2,NA
FAM98A,NA
FDPS,NA
FGG,NA
FKBP2,NA
FKBP4,NA
FMNL3,NA
FMR1,NA
FXR1,NA
G6PD,NA
GABRA2,NA
GABRB1,NA
GABRB3,NA
GAD2,NA
GARS,NA
GDA,NA
GLOD4,NA
GNB2L1,NA
GOLGA7B,NA
GPM6B,NA
GRB2,NA
GRHPR,NA
GRID1,NA
GRID2,NA
GRIK5,NA
GRIP1,NA
GRM7,NA
GSTO1,NA
GSTP1,NA
GUCY1A2,NA
H1F0,NA
HACD3,NA
HAPLN4,NA
HARS,NA
HCK,NA
HCN1,NA
HEPACAM,NA
HIBCH,NA
HIGD1A,NA
HINT1,NA
HIP1,NA
HIST1H1C,NA
HIST1H4A,NA
HMGB1,NA
HNRNPC,NA
HNRNPH1,NA
HNRNPL,NA
HNRNPU,NA
HP1BP3,NA
HPCAL1,NA
HSD17B10,NA
HSD17B8,NA
HSPA4,NA
HYOU1,NA
IARS,NA
IMPA1,NA
IQGAP1,NA
IST1,NA
ITFG1,NA
ITM2B,NA
ITSN2,NA
KCND2,NA
KCNJ4,NA
KCNMA1,NA
KCTD8,NA
KHDRBS1,NA
KIAA0196,NA
KIAA0284,NA
KIAA0408,NA
KIAA1033,NA
KIAA1045,NA
KIAA1598,NA
KIF20B,NA
KPNA3,NA
KRT1,NA
KRT2,NA
KRT5,NA
KRT6A,NA
LACTB,NA
LANCL1,NA
LAP3,NA
LIPE,NA
LMNA,NA
LMNB1,NA
LMO7,NA
LMTK2,NA
LMTK3,NA
LRFN2,NA
LRPAP1,NA
LRRC40,NA
LRRC4B,NA
LRRTM1,NA
LRRTM2,NA
LRRTM4,NA
LRSAM1,NA
LYNX1,NA
LZTS3,NA
MAP1LC3B,NA
MAP2K4,NA
MAPRE1,NA
MAST1,NA
MATR3,NA
MGST3,NA
MICU3,NA
MIF,NA
MLC1,NA
MOBP,NA
MOSC2,NA
MPC2,NA
MPP3,NA
MRPS22,NA
MSN,NA
MT-ATP8,NA
MT-ND4,NA
MT-ND5,NA
MTFR1L,NA
MTMR2,NA
MTOR,NA
MVP,NA
MYADM,NA
NACA,NA
NAP1L1,NA
NARS,NA
NCL,NA
NCLN,NA
NDEL1,NA
NDUFA6,NA
NDUFAB1,NA
NDUFB11,NA
NDUFB3,NA
NDUFB5,NA
NDUFS5,NA
NEO1,NA
NETO1,NA
NFU1,NA
NLGN1,NA
NME2,NA
NNT,NA
NRAS,NA
NRN1,NA
NT5E,NA
NTRK3,NA
NUDCD2,NA
OCIAD1,NA
OCIAD2,NA
OLFM2,NA
OSBPL8,NA
P4HB,NA
PACSIN2,NA
PARP1,NA
PCSK1N,NA
PDCD6,NA
PDE10A,NA
PDE1A,NA
PDE1B,NA
PDE4B,NA
PDLIM5,NA
PDXP,NA
PGD,NA
PHLDB1,NA
PHYHIPL,NA
PI4K2A,NA
PICK1,NA
PIK3C3,NA
PIK3R4,NA
PITPNM2,NA
PLAA,NA
PLCD1,NA
PLEC,NA
PLEKHA1,NA
PLLP,NA
PLPP3,NA
PLPPR4,NA
PLXNA3,NA
PLXNC1,NA
PLXND1,NA
PMM1,NA
PPID,NA
PPM1H,NA
PPP2R2A,NA
PPP2R5E,NA
PPP5C,NA
PPP6C,NA
PREB,NA
PRICKLE2,NA
PRKAR1B,NA
PRKCD,NA
PRMT5,NA
PRPF8,NA
PRUNE2,NA
PSAP,NA
PSMA4,NA
PSMB6,NA
PSMC4,NA
PSMD1,NA
PSMD12,NA
PSMD4,NA
PSMD6,NA
PSMD7,NA
PSMD8,NA
PTGES2,NA
PTPLAD1,NA
PTPN5,NA
PTPRE,NA
PTPRN2,NA
PYCRL,NA
QARS,NA
RAB13,NA
RAB15,NA
RAB33B,NA
RAB3B,NA
RAB7A,NA
RACK1,NA
RAP2B,NA
RCN2,NA
RDH11,NA
RDX,NA
REEP5,NA
RGS14,NA
RGS17,NA
RGS6,NA
RHOT2,NA
RIC8A,NA
RIMS2,NA
RMDN3,NA
ROCK1,NA
RP2,NA
RPL15,NA
RPL27A,NA
RPL29,NA
RPL32,NA
RPL37A,NA
RPLP1,NA
RPLP2,NA
RPS12,NA
RPS21,NA
RPS26,NA
RPS27A,NA
RRAS2,NA
RTCB,NA
RTN4RL2,NA
S100B,NA
SCFD1,NA
SDHB,NA
SEC14L2,NA
SGTA,NA
SH3PXD2A,NA
SIRT5,NA
SKIV2L,NA
SLC12A6,NA
SLC1A4,NA
SLC25A23,NA
SLC30A9,NA
SLC4A10,NA
SLC4A3,NA
SLC6A9,NA
SLC9A3R2,NA
SMAP1,NA
SNAP47,NA
SNRNP200,NA
SNTB1,NA
SNX9,NA
SOD2,NA
SPARCL1,NA
SPTB,NA
SRCIN1,NA
SRPRB,NA
STAT3,NA
STIM1,NA
STIP1,NA
STK38L,NA
STX4,NA
SUB1,NA
SV2B,NA
SYNJ2BP,NA
SYT12,NA
TAGLN2,NA
TARDBP,NA
TBC1D17,NA
TBC1D9B,NA
TBRG4,NA
TCP11L1,NA
TECR,NA
TIMM44,NA
TMEM11,NA
TMEM126A,NA
TMEM132B,NA
TMX4,NA
TNPO2,NA
TNPO3,NA
TOMM20,NA
TOMM22,NA
TOMM40,NA
TPD52,NA
TPP1,NA
TPPP3,NA
TPT1,NA
TRAPPC10,NA
TRAPPC9,NA
TRIM28,NA
TRIM32,NA
TSFM,NA
TTC35,NA
TTYH1,NA
TUBA8,NA
TUBB2C,NA
TXNDC5,NA
TXNRD2,NA
UBAP2L,NA
UBB,NA
UBC,NA
UBE2O,NA
UBE2V1,NA
UBE3C,NA
UQCR10,NA
UQCRQ,NA
USP15,NA
USP46,NA
VIPAS39,NA
VPS13C,NA
VPS26A,NA
VPS39,NA
VPS41,NA
VPS8,NA
VTI1B,NA
WDR13,NA
WIPF2,NA
WIPI2,NA
WNK2,NA
XPO7,NA
YKT6,NA
ZADH2,NA
ABCB7,NA
ABCD1,NA
ABCE1,NA
ABCF1,NA
ABCF2,NA
ABHD10,NA
ABHD14B,NA
ABHD16A,NA
ABHD17C,NA
ACAA1A,NA
ACAD8,NA
ACADM,NA
ACAT2,NA
ACO1,NA
ACOT1,NA
ACOT13,NA
ACSF2,NA
ACSF3,NA
ACSL1,NA
ACTBL2,NA
ACTR10,NA
ADAM10,NA
ADAP1,NA
ADAR,NA
ADCY3,NA
ADCY9,NA
ADCYAP1R1,NA
ADGRB1,NA
ADGRB2,NA
ADGRL2,NA
ADGRL3,NA
ADSS,NA
AGFG1,NA
AGRN,NA
AHCYL2,NA
AHNAK,NA
AJM1,NA
AKAP7,NA
AKAP9,NA
AKR1C2,NA
AKT1,NA
ALCAM,NA
ALDH16A1,NA
ALDH1A1,NA
ALG2,NA
ALS2,NA
AMBIGUOUS,NA
ANXA3,NA
AP3B1,NA
APBB1,NA
API5,NA
APMAP,NA
APOD,NA
APPL2,NA
ARAF,NA
ARF4,NA
ARFGEF1,NA
ARFIP2,NA
ARHGEF12,NA
ARL3,NA
ARL6IP1,NA
ARL8A,NA
ARMC1,NA
ARPC5,NA
ASAP2,NA
ASIC1,NA
ASNS,NA
ASRGL1,NA
ASTN2,NA
ATAT1,NA
ATF7IP,NA
ATG16L1,NA
ATG3,NA
ATG9A,NA
ATP1B3,NA
ATP2C1,NA
ATP4A,NA
ATP5J,NA
ATP5K,NA
ATP6AP2,NA
ATP6V0C,NA
ATP6V1E2,NA
ATP6V1F,NA
ATRN,NA
ATRX,NA
B3GAT3,NA
BAG3,NA
BAG6,NA
BAI3,NA
BANF1,NA
BCAS3,NA
BCL2L13,NA
BCS1L,NA
BIRC6,NA
BLVRA,NA
BMPR2,NA
BRAF,NA
BRI3BP,NA
BRINP1,NA
BRINP2,NA
C11orf41,NA
C14orf159,NA
C1QL3,NA
CA1,NA
CACNA1A,NA
CACNG7,NA
CADM2,NA
CADM3,NA
CADM4,NA
CALB1,NA
CALM1,NA
CALM2,NA
CALM3,NA
CALU,NA
CAMK1,NA
CAPNS1,NA
CAR4,NA
CARKD,NA
CBARP,NA
CCDC124,NA
CCDC22,NA
CCDC93,NA
CD38,NA
CDC42EP4,NA
CDH11,NA
CDH6,NA
CDK14,NA
CDK16,NA
CDK18,NA
CDK5R1,NA
CELF4,NA
CENPV,NA
CHMP1A,NA
CHMP2A,NA
CHMP3,NA
CHORDC1,NA
CHP1,NA
CHRM3,NA
CLCN3,NA
CLDND1,NA
CLPTM1,NA
CLSTN3,NA
CLVS2,NA
CLYBL,NA
CMAS,NA
CMC1,NA
CNN3,NA
CNNM1,NA
CNTFR,NA
COG3,NA
COMT,NA
COPG,NA
COPG2,NA
COPS2,NA
COPS5,NA
COX6A1,NA
COX7A2,NA
COX7C,NA
CPE,NA
CPEB2,NA
CPEB3,NA
CPEB4,NA
CPNE1,NA
CPNE7,NA
CPT2,NA
CRELD1,NA
CRIPT,NA
CSNK1A1,NA
CUL2,NA
CUL5,NA
CXADR,NA
CYB5A,NA
CYBRD1,NA
D630045J12RIK,NA
DARC,NA
DBC1,NA
DCC,NA
DDHD2,NA
DDN,NA
DECR2,NA
DGKG,NA
DHX15,NA
DHX9,NA
DIAPH1,NA
DIP2A,NA
DNAJB11,NA
DNAJC3,NA
DNAJC5,NA
DNAJC7,NA
DNPEP,NA
DOCK10,NA
DPP10,NA
DPP3,NA
DRG1,NA
DRP2,NA
DSG1B,NA
DTD1,NA
DYNLRB2,NA
DZANK1,NA
EARS2,NA
ECH1,NA
ECI1,NA
EDARADD,NA
EDC4,NA
EFNB2,NA
EFTUD2,NA
EGFR,NA
EIF2S3,NA
EIF2S3X,NA
EIF3D,NA
EIF3E,NA
EIF4B,NA
EIF4G2,NA
ELAVL4,NA
ELFN1,NA
ELMO1,NA
ELMOD1,NA
EMB,NA
EMC4,NA
EMC8,NA
ENTPD2,NA
EPB42,NA
EPHA7,NA
EPHB2,NA
EPHB3,NA
EPHB6,NA
EPM2AIP1,NA
EPN2,NA
EPPK1,NA
EPS8,NA
EPX,NA
ERBB4,NA
ERBIN,NA
ERH,NA
ERLEC1,NA
ERLIN1,NA
ERMN,NA
ESYT2,NA
ETF1,NA
EVI5L,NA
EVL,NA
EWSR1,NA
EXOG,NA
FABP5,NA
FAHD1,NA
FAM107A,NA
FAM120A,NA
FAM123A,NA
FAM126B,NA
FAM162A,NA
FAM213B,NA
FAM3C,NA
FAM92B,NA
FBXL16,NA
FECH,NA
FERMT2,NA
FES,NA
FGB,NA
FGF2,NA
FHL1,NA
FKBP15,NA
FKBP1B,NA
FRRS1L,NA
FRY,NA
FRYL,NA
FXYD7,NA
GABRA3,NA
GALK1,NA
GANAB,NA
GART,NA
GCDH,NA
GCLM,NA
GDE1,NA
GDPD1,NA
GET4,NA
GFRA2,NA
GGA3,NA
GGT7,NA
GMPS,NA
GNG4,NA
GNPAT,NA
GOLGA2,NA
GOLGB1,NA
GOSR1,NA
GPC6,NA
GPD1L,NA
GPR37L1,NA
GPRIN3,NA
GRASP,NA
GRIN2C,NA
GRIP2,NA
GRK2,NA
GRK6,NA
GRLF1,NA
GSR,NA
GSTM1,NA
GSTM2,NA
GSTM5,NA
GTPBP1,NA
GUCY1B3,NA
H2-KE6,NA
H2AFY,NA
H2AFY2,NA
HAGH,NA
HARS2,NA
HBB,NA
HBS1L,NA
HCN4,NA
HDHD2,NA
HEATR5B,NA
HEXB,NA
HIST1H1E,NA
HMGA1,NA
HMGCS1,NA
HNRNPA0,NA
HNRNPD,NA
HNRNPH2,NA
HNRNPH3,NA
HNRNPR,NA
HNRNPUL1,NA
HPCAL4,NA
HSPA12B,NA
HSPA6,NA
HSPB8,NA
HSPE1,NA
HTRA1,NA
ICA1,NA
IDH1,NA
IGSF11,NA
IL1RAPL1,NA
ILF2,NA
ILF3,NA
IMPAD1,NA
INPP4A,NA
IPO9,NA
IQGAP2,NA
IRGQ,NA
ITGAV,NA
ITGB1,NA
ITM2C,NA
ITPA,NA
IVD,NA
JAM3,NA
JPH3,NA
KANK2,NA
KATNAL2,NA
KAZN,NA
KCNA3,NA
KCNB1,NA
KCNJ3,NA
KDSR,NA
KHSRP,NA
KIAA0090,NA
KIAA0174,NA
KIAA0528,NA
KIAA0776,NA
KIAA1543,NA
KIAA1549L,NA
KIF2B,NA
KIF2C,NA
KIFAP3,NA
KIT,NA
KLRAQ1,NA
KRT10,NA
KRT14,NA
KRT16,NA
KRT9,NA
LAMC1,NA
LAMP1,NA
LAMTOR1,NA
LARP1,NA
LARS2,NA
LCP1,NA
LETMD1,NA
LGALS1,NA
LGALS8,NA
LGALSL,NA
LGI2,NA
LIMA1,NA
LMAN2,NA
LNP,NA
LNPEP,NA
LPCAT4,NA
LRFN1,NA
LRFN3,NA
LRFN4,NA
LRFN5,NA
LRP4,NA
LRRC4C,NA
LRRTM3,NA
LYPD1,NA
LYPLA2,NA
LYRM4,NA
M6PR,NA
MAGI1,NA
MAP1S,NA
MAP2K7,NA
MAP3K5,NA
MAP4K3,NA
MAPK8,NA
MARC2,NA
MARCH5,NA
MARCKS,NA
MARK4,NA
MAST3,NA
MAT2A,NA
MBLAC2,NA
MBOAT7,NA
MCU,NA
ME1,NA
ME3,NA
MECP2,NA
MECR,NA
MGLL,NA
MICAL3,NA
MICU1,NA
MLEC,NA
MMAA,NA
MOGS,NA
MPC1,NA
MPDZ,NA
MPO,NA
MPP7,NA
MRPS23,NA
MRPS27,NA
MT-CYTB,NA
MT-ND2,NA
MTMR1,NA
MTMR10,NA
MTX2,NA
MTX3,NA
MUL1,NA
MUT,NA
MYEF2,NA
MYH6,NA
MYO1E,NA
MYO1F,NA
MYO9A,NA
NCEH1,NA
NCKAP1L,NA
NCOA2,NA
NCSTN,NA
NDRG3,NA
NDUFA1,NA
NDUFA11,NA
NDUFAF4,NA
NDUFB1,NA
NDUFS4,NA
NECAB1,NA
NECAB2,NA
NECAP1,NA
NEDD4,NA
NEDD4L,NA
NETO2,NA
NFS1,NA
NINJ2,NA
NIT1,NA
NMRAL1,NA
NMT1,NA
NMT2,NA
NONO,NA
NOVA1,NA
NOVA2,NA
NQO1,NA
NRP2,NA
NSG1,NA
NSMF,NA
NT5C1B,NA
NT5DC3,NA
NTNG1,NA
NTPCR,NA
NUCB1,NA
NUDC,NA
NUDT21,NA
NUMB,NA
OAT,NA
OCRL,NA
OLFM3,NA
OPA3,NA
OPALIN,NA
OSBPL1A,NA
PABPC4,NA
PACSIN3,NA
PAFAH1B2,NA
PAFAH1B3,NA
PAK2,NA
PAK7,NA
PANK4,NA
PCDH9,NA
PCK2,NA
PCYOX1L,NA
PDE4A,NA
PDE8A,NA
PDK1,NA
PDK2,NA
PDP1,NA
PECI,NA
PELO,NA
PEX14,NA
PFDN6,NA
PGAP1,NA
PGBD5,NA
PGP,NA
PGRMC2,NA
PHF24,NA
PHPT1,NA
PIGK,NA
PIGS,NA
PIP4K2C,NA
PITHD1,NA
PITPNC1,NA
PITPNM3,NA
PITRM1,NA
PKM2,NA
PKN1,NA
PLCG1,NA
PLCH1,NA
PLCL1,NA
PLEKHA5,NA
PLEKHB1,NA
PLPPR2,NA
PLS3,NA
PLXNB1,NA
PLXNB2,NA
PMP2,NA
PMPCA,NA
PNKD,NA
PNPT1,NA
PON2,NA
PPFIA1,NA
PPIL1,NA
PPM1L,NA
PPME1,NA
PPP1R21,NA
PPP1R3F,NA
PPP2CB,NA
PPP2R2C,NA
PPP2R4,NA
PPP2R5B,NA
PPP2R5C,NA
PPP3R1,NA
PPP6R2,NA
PPP6R3,NA
PRDX3,NA
PREP,NA
PREPL,NA
PRKAA2,NA
PRKACA,NA
PRKAG1,NA
PRKCSH,NA
PRKCZ,NA
PRKG2,NA
PRMT1,NA
PRMT8,NA
PRPH,NA
PRPSAP2,NA
PRR36,NA
PRRT2,NA
PRRT3,NA
PRUNE,NA
PSAT1,NA
PSIP1,NA
PSMA2,NA
PSMA3,NA
PSMA5,NA
PSMA6,NA
PSMA7,NA
PSMC2,NA
PSMD13,NA
PSMD5,NA
PTCD3,NA
PTP4A1,NA
PTPN9,NA
PTPRA,NA
PTPRN,NA
PTPRT,NA
PURG,NA
PYCR1,NA
QKI,NA
RAB22A,NA
RAB23,NA
RAB24,NA
RAB27B,NA
RAB2B,NA
RAB30,NA
RAB31,NA
RAB3D,NA
RAB4A,NA
RAB7,NA
RAB9,NA
RAB9B,NA
RAC3,NA
RALGAPB,NA
RANBP1,NA
RANBP6,NA
RANBP9,NA
RAP1B,NA
RAP1GAP2,NA
RAPH1,NA
RASA3,NA
RASGRF1,NA
RBFOX2,NA
RBM14,NA
RBMX,NA
RBMXL1,NA
RBX1,NA
REEP2,NA
REPS2,NA
REV3L,NA
RFTN2,NA
RGS12,NA
RHOF,NA
RNF214,NA
RPL21,NA
RPL34,NA
RPL35A,NA
RPL36A,NA
RPL36AL,NA
RPL39,NA
RPS15,NA
RPS20,NA
RPS23,NA
RPS24,NA
RPS28,NA
RPS29,NA
RPS3A1,NA
RPS6KA2,NA
RPS6KC1,NA
RPTOR,NA
RTCA,NA
RUFY2,NA
RUVBL1,NA
RUVBL2,NA
S100A1,NA
S100A13,NA
S100A16,NA
S100A9,NA
S1PR1,NA
SAE1,NA
SBF2,NA
SCAMP1,NA
SCAMP3,NA
SCAMP5,NA
SCD5,NA
SCG2,NA
SCIN,NA
SCN1B,NA
SCN2A,NA
SCN2B,NA
SCP2,NA
SDR39U1,NA
SEC24B,NA
SEC61A1,NA
SEC61B,NA
SEMA4A,NA
SEMA4D,NA
SEMA7A,NA
SEPT10,NA
SERBP1,NA
SET,NA
SEZ6L2,NA
SF3B1,NA
SGCD,NA
SH2D5,NA
SHARPIN,NA
SHC3,NA
SHISA6,NA
SHISA9,NA
SHOC2,NA
SIGMAR1,NA
SIRT3,NA
SKP1,NA
SKP1A,NA
SLC1A1,NA
SLC22A23,NA
SLC25A10,NA
SLC25A20,NA
SLC25A25,NA
SLC25A42,NA
SLC2A13,NA
SLC2A3,NA
SLC30A1,NA
SLC30A3,NA
SLC32A1,NA
SLC38A3,NA
SLC39A10,NA
SLC39A12,NA
SLC44A2,NA
SLC4A8,NA
SLC6A1,NA
SLC6A11,NA
SLC6A17,NA
SLC7A14,NA
SLC7A5,NA
SLC8A1,NA
SLC9A1,NA
SLC9A3R1,NA
SLC9A6,NA
SLITRK1,NA
SLITRK3,NA
SMAP2,NA
SMARCA1,NA
SMC3,NA
SMPD3,NA
SMS,NA
SNAP29,NA
SNCB,NA
SNRPD3,NA
SNRPN,NA
SNTB2,NA
SNX32,NA
SNX5,NA
SOD1,NA
SORCS2,NA
SORCS3,NA
SORL1,NA
SORT1,NA
SOS1,NA
SPAG9,NA
SPATA2L,NA
SPATA5,NA
SPCS2,NA
SPIRE1,NA
SRP14,NA
SRPK2,NA
SRPR,NA
SRSF1,NA
SRSF3,NA
SSR1,NA
STK24,NA
STMN3,NA
STX16,NA
STX6,NA
STXBP5L,NA
STXBP6,NA
SUCLG2,NA
SUGT1,NA
SULT4A1,NA
SUN2,NA
SVOP,NA
SYCP1,NA
SYNJ2,NA
SYNPR,NA
SYT11,NA
SYT3,NA
TACC1,NA
TAMM41,NA
TANC1,NA
TARS,NA
TARSL2,NA
TCEAL5,NA
TCEB1,NA
TCEB2,NA
TECPR1,NA
TENM4,NA
TFRC,NA
THEM6,NA
THNSL1,NA
TIAM2,NA
TIMM9,NA
TM7SF2,NA
TM9SF2,NA
TM9SF4,NA
TMED10,NA
TMED2,NA
TMED4,NA
TMED9,NA
TMEM30A,NA
TMEM43,NA
TMEM63B,NA
TMEM65,NA
TMEM85,NA
TMX1,NA
TMX2,NA
TNPO1,NA
TOM1,NA
TOMM40L,NA
TOP2B,NA
TPBG,NA
TPD52L2,NA
TPP2,NA
TPR,NA
TPRGL,NA
TRANK1,NA
TRAPPC6B,NA
TRIM37,NA
TRIM46,NA
TRIP12,NA
TRPV2,NA
TSC22D4,NA
TSPAN13,NA
TSPAN2,NA
TSPAN7,NA
TST,NA
TTC9B,NA
TTYH3,NA
TUBB,NA
TUBB4,NA
TUBB4A,NA
TUBG2,NA
TUSC3,NA
UBA5,NA
UBA52,NA
UBA6,NA
UBE3B,NA
UBE4A,NA
UBQLN2,NA
UGGT1,NA
UGT8,NA
ULK3,NA
USP7,NA
USP8,NA
VAMP1,NA
VAMP4,NA
VAMP7,NA
VAT1L,NA
VBP1,NA
VCAM1,NA
VPS25,NA
VPS28,NA
VPS33B,NA
VPS50,NA
WASF2,NA
WASHC5,NA
WDR91,NA
WNK1,NA
XKR4,NA
YBX1,NA
YJEFN3,NA
ZDHHC5,NA
ZFR,NA
ZFYVE1,NA
ZYG11B,NA
0610009B22RIK,NA
0610011F06RIK,NA
0610037L13RIK,NA
1500005I02Rik,NA
1700009N14RIK,NA
1700021F05RIK,NA
1700037H04RIK,NA
1700047I17RIK2,NA
2010107G23RIK,NA
2010300C02RIK,NA
2310035C23RIK,NA
2310061I04RIK,NA
2410015M20RIK,NA
2610301B20RIK,NA
2610507B11RIK,NA
2700060E02RIK,NA
2900011O08RIK,NA
2900026A02RIK,NA
37500,NA
37865,NA
38231,NA
38412,NA
38596,NA
38961,NA
39326,NA
39692,NA
40057,NA
40787,NA
4931409K22RIK,NA
4932438A13RIK,NA
4933434E20RIK,NA
6330403A02RIK,NA
6430548M08RIK,NA
9530053A07RIK,NA
A830010M20RIK,NA
AAAS,NA
AAMDC,NA
AARS2,NA
AARSD1,NA
ABCA13,NA
ABCA3,NA
ABCA4,NA
ABCA5,NA
ABCA6,NA
ABCA7,NA
ABCA8A,NA
ABCB1,NA
ABCB11,NA
ABCB1A,NA
ABCB1B,NA
ABCB6,NA
ABCB9,NA
ABCC1,NA
ABCC12,NA
ABCG2,NA
ABHD11,NA
ABHD17A,NA
ABL2,NA
ACAA1B,NA
ACAD10,NA
ACADL,NA
ACAN,NA
ACAP2,NA
ACAT3,NA
ACE,NA
ACIN1,NA
ACOT10,NA
ACOT11,NA
ACOT2,NA
ACOX1,NA
ACSS1,NA
ACTA2,NA
ACTG1,NA
ACTG2,NA
ACTL6B,NA
ACVR1B,NA
ACYP1,NA
ADAM9,NA
ADAMTS16,NA
ADAMTS18,NA
ADAP2,NA
ADCK3,NA
ADCY4,NA
ADCY6,NA
ADGRA1,NA
ADGRA2,NA
ADGRA3,NA
ADGRB3,NA
ADGRG1,NA
ADGRV1,NA
ADH5,NA
ADK,NA
ADO,NA
ADORA1,NA
ADORA2A,NA
ADPRH,NA
ADPRHL2,NA
ADRA2A,NA
ADRA2C,NA
ADRB1,NA
ADRGB3,NA
ADRM1,NA
ADSSL1,NA
AFAP1,NA
AFDN,NA
AGBL1,NA
AGER,NA
AGPAT1,NA
AGPS,NA
AGTPBP1,NA
AI314180,NA
AIMP1,NA
AIMP2,NA
AJAP1,NA
AJUBA,NA
AK157302,NA
AKAP10,NA
AKNA,NA
AKR1B1,NA
AKR1B10,NA
AKR1B3,NA
AKR1E1,NA
AKR1E2,NA
AKT2,NA
AKT3,NA
AL049629.2,NA
ALAD,NA
ALDH18A1,NA
ALDH1B1,NA
ALDH9A1,NA
ALDOART1,NA
ALDOB,NA
ALG5,NA
ALMS1,NA
ALPK2,NA
ALPL,NA
ALYREF2,NA
AMER2,NA
AMOTL2,NA
ANAPC1,NA
ANK,NA
ANKH,NA
ANKIB1,NA
ANKMY2,NA
ANKRD17,NA
ANKRD44,NA
ANKRD52,NA
ANKS1,NA
ANKS1A,NA
ANLN,NA
ANO2,NA
ANO8,NA
ANP32A,NA
ANP32B,NA
ANP32E,NA
ANXA8,NA
AP3M1,NA
AP4E1,NA
APAF1,NA
APEX1,NA
APLP1,NA
APLP2,NA
APOA1,NA
APOA1BP,NA
APOB,NA
APOPT1,NA
ARAP1,NA
ARHGAP11A,NA
ARHGAP12,NA
ARHGAP29,NA
ARHGAP31,NA
ARHGAP33,NA
ARHGAP39,NA
ARHGAP5,NA
ARHGDIB,NA
ARHGEF1,NA
ARHGEF10L,NA
ARHGEF11,NA
ARHGEF17,NA
ARHGEF18,NA
ARHGEF4,NA
ARID3B,NA
ARID4B,NA
ARL2,NA
ARL6,NA
ARL6IP,NA
ARMC4,NA
ARMC6,NA
ARNT,NA
ARPP19,NA
ARRB2,NA
ASAH1,NA
ASAH2,NA
ASB7,NA
ASH1L,NA
ASIC2,NA
ASMTL,NA
ASPA,NA
ASPH,NA
ASPHD2,NA
ASPM,NA
ASS1,NA
ASXL1,NA
ASXL3,NA
ATAD2,NA
ATAD3,NA
ATAD5,NA
ATL3,NA
ATM,NA
ATOX1,NA
ATP11A,NA
ATP11C,NA
ATP2A3,NA
ATP2C2,NA
ATP5F1B,NA
ATP5ME,NA
ATP5MG,NA
ATP5MPL,NA
ATP5PB,NA
ATP5PO,NA
ATP5S,NA
ATP8B1,NA
ATPAF1,NA
ATXN2L,NA
AU040829,NA
AVPI1,NA
AW209491,NA
AXIN1,NA
AZI2,NA
B4GAT1,NA
BAD,NA
BAG2,NA
BAHCC1,NA
BAI2,NA
BAIAP3,NA
BAT3,NA
BAT5,NA
BAZ1A,NA
BAZ1B,NA
BBS4,NA
BBS7,NA
BCAM,NA
BCAT1,NA
BCAT2,NA
BCKDHB,NA
BCL11A,NA
BCOR,NA
BDP1,NA
BGN,NA
BICD1,NA
BLMH,NA
BLNK,NA
BM948371,NA
BMPR1A,NA
BNIP3,NA
BNIP3L,NA
BOLA1,NA
BPNT1,NA
BRCA2,NA
BRD9,NA
BRIP1,NA
BRMS1L,NA
BRP44,NA
BRP44L,NA
BRWD1,NA
BSCL2,NA
BZW1,NA
C10orf35,NA
C11orf2,NA
C11orf59,NA
C12orf57,NA
C14orf156,NA
C14orf166,NA
C16orf62,NA
C16orf96,NA
C17orf61,NA
C1orf198,NA
C1orf95,NA
C1orf96,NA
C1QA,NA
C1QB,NA
C1QTNF4,NA
C21orf33,NA
C2CD2,NA
C2CD4CC2CD4,NA
C2orf47,NA
C2orf55,NA
C2orf72,NA
C4B,NA
C6orf134,NA
C6orf136,NA
C6orf154,NA
C8orf55,NA
C920006C10Rik,NA
C9orf126,NA
C9orf172,NA
C9orf46,NA
C9orf5,NA
CACNB2,NA
CACNG4,NA
CACNG5,NA
CALD1,NA
CALM1 ,NA
CALML3,NA
CALML5,NA
CAMK2N1,NA
CAMK4,NA
CAMLG,NA
CAMSAP1,NA
CAMSAP2,NA
CAR2,NA
CARD11,NA
CARHSP1,NA
CARMIL1,NA
CARNS1,NA
CARS,NA
CASC4,NA
CASD1,NA
CAST,NA
CASZ1,NA
CAV1,NA
CBLN1,NA
CBR4,NA
CCAR2,NA
CCBL2,NA
CCDC109A,NA
CCDC110,NA
CCDC132,NA
CCDC136,NA
CCDC150,NA
CCDC158,NA
CCDC171,NA
CCDC175,NA
CCDC177,NA
CCDC18,NA
CCDC186,NA
CCDC30,NA
CCDC39,NA
CCDC47,NA
CCDC51,NA
CCDC85B,NA
CCDC88A,NA
CCDC88B,NA
CCDC88C,NA
CCDC92,NA
CCHCR1,NA
CCNG2,NA
CCP110,NA
CCSAP,NA
CD109,NA
CD151,NA
CD200,NA
CD82,NA
CD99L2,NA
CDC37,NA
CDC42BPG,NA
CDH12,NA
CDH23,NA
CDH8,NA
CDIP1,NA
CDK12,NA
CDK13,NA
CDK17,NA
CDK5R2,NA
CDK5RAP2,NA
CDK9,NA
CDKL2,NA
CELSR1,NA
CELSR3,NA
CEMIP2,NA
CENPJ,NA
CEP126,NA
CEP131,NA
CEP135,NA
CEP152,NA
CEP162,NA
CEP170L,NA
CEP250,NA
CEP290,NA
CEP295NL,NA
CEP85,NA
CERS1,NA
CFAP57,NA
CFTR,NA
CHCHD2,NA
CHCHD4,NA
CHD1,NA
CHD4,NA
CHD7,NA
CHD8,NA
CHDH,NA
CHID1,NA
CHM,NA
CHMP1B,NA
CHMP1B2,NA
CHMP5,NA
CHMP7,NA
CHN1,NA
CHRM1,NA
CHRM4,NA
CHRNA3,NA
CHRNA7,NA
CHTOP,NA
CHUK,NA
CIAO1,NA
CIDEB,NA
CIITA,NA
CIP2A,NA
CIRBP,NA
CISD2,NA
CISD3,NA
CKMT1,NA
CKMT1A,NA
CKMT2,NA
CLCN2,NA
CLCN4,NA
CLCN7,NA
CLDN12,NA
CLEC2L,NA
CLIC4,NA
CLINT1,NA
CLPB,NA
CLPP,NA
CLSTN2,NA
CLVS1,NA
CMPK2,NA
CMTM5,NA
CNN1,NA
CNNM2,NA
CNNM3,NA
CNNM4,NA
CNPY2,NA
CNPY3,NA
CNTLN,NA
CNTN3,NA
CNTN4,NA
CNTN6,NA
CNTNAP4,NA
CNTNAP5A,NA
CNTRL,NA
COA3,NA
COA7,NA
COG5,NA
COL11A2,NA
COL16A1,NA
COL18A1,NA
COL1A1,NA
COL1A2,NA
COL4A1,NA
COL4A2,NA
COL6A1,NA
COL6A2,NA
COL6A3,NA
COL6A4,NA
COL6A6,NA
COPG1,NA
COPS6,NA
COPS7A,NA
COPS7B,NA
COPS8,NA
COQ3,NA
COQ9,NA
CORO7,NA
COTL1,NA
CP,NA
CPD,NA
CPEB1,NA
CPLANE1,NA
CPLX1,NA
CPLX2,NA
CPM,NA
CPNE8,NA
CPPED1,NA
CPSF6,NA
CPT1C,NA
CR1L,NA
CRK,NA
CROCC,NA
CRTC1,NA
CRYL1,NA
CRYZL1,NA
CSF1R,NA
CSK,NA
CSMD1,NA
CSMD2,NA
CSMD3,NA
CSNK1G1,NA
CSPG4,NA
CSTB,NA
CTAGE5,NA
CTPS1,NA
CTSB,NA
CTSD,NA
CTSZ,NA
CUBN,NA
CUL1,NA
CUL4A,NA
CUL4B,NA
CUL7,NA
CUX2,NA
CWF19L2,NA
CYGB,NA
CYP1B1,NA
CYP2D22,NA
CYP51,NA
CYTH1,NA
D10JHU81E,NA
D15Wsu169e,NA
D1PAS1,NA
D3Bwg0562e,NA
D430041B17Rik,NA
D430042O09RIK,NA
DAB1,NA
DACT3,NA
DAG1,NA
DAP3,NA
DAPK1,NA
DAPK3,NA
DARS2,NA
DBI,NA
DCAF4,NA
DCAF7,NA
DCTN5,NA
DCUN1D1,NA
DCXR,NA
DDAH2,NA
DDC,NA
DDT,NA
DDX10,NA
DDX19A,NA
DDX39A,NA
DEFA3,NA
DENND1A,NA
DENND4C,NA
DENND5B,NA
DENR,NA
DEUP1,NA
DGCR8,NA
DGKI,NA
DGKQ,NA
DGUOK,NA
DHCR7,NA
DHDH,NA
DHRS1,NA
DHRS7,NA
DHX36,NA
DHX57,NA
DIAPH3,NA
DIP2C,NA
DIS3L,NA
DISC1,NA
DISP2,NA
DLG5,NA
DMXL1,NA
DNAH17,NA
DNAH2,NA
DNAH3,NA
DNAH5,NA
DNAH8,NA
DNAJA4,NA
DNAJB12,NA
DNAJB14,NA
DNAJB5,NA
DNAJB7,NA
DNAJC16,NA
DNAJC2,NA
DNER,NA
DNMT1,NA
DOCK11,NA
DOCK6,NA
DOCK7,NA
DOCK8,NA
DOK6,NA
DOP1B,NA
DOS,NA
DPM3,NA
DRC7,NA
DRD2,NA
DRD3,NA
DRD5,NA
DROSHA,NA
DSCAM,NA
DSCR3,NA
DSG1,NA
DSG1A,NA
DSG4,NA
DTNB,NA
DTNBP1,NA
DTX3,NA
DTYMK,NA
DUSP10,NA
DUSP15,NA
DUSP4,NA
DVL1,NA
DYNC2H1,NA
DYSF,NA
ECHS1,NA
ECM29,NA
ECPAS,NA
EDF1,NA
EEF1B,NA
EEF1E1,NA
EEF2K,NA
EFCAB6,NA
EFNB1,NA
EFNB3,NA
EG433182,NA
EGLN1,NA
EHD2,NA
EHMT2,NA
EIF1,NA
EIF1;EIF1B,NA
EIF1A,NA
EIF1AX,NA
EIF2B3,NA
EIF2B4,NA
EIF2S2,NA
EIF2S3Y,NA
EIF3B,NA
EIF3F,NA
EIF3I,NA
EIF3J1,NA
EIF3J2,NA
EIF4A3,NA
EIF4E2,NA
EIF4G3,NA
EIF5,NA
EIF5A2,NA
EIF6,NA
EIPR1,NA
ELAVL1,NA
ELAVL2,NA
ELAVL3,NA
ELOB,NA
ELP1,NA
EMC3,NA
EMC6,NA
EMC7,NA
EMILIN1,NA
EML1,NA
EML2,NA
EML5,NA
EML6,NA
ENDOU,NA
ENO1B,NA
ENOPH1,NA
ENPP2,NA
ENSA,NA
ENTPD1,NA
EP300,NA
EP400,NA
EPB41L4B,NA
EPG5,NA
EPHA2,NA
EPHA5,NA
EPHA8,NA
EPHB1,NA
EPHB4,NA
EPHX1,NA
EPHX2,NA
EPHX4,NA
ERCC6L,NA
ERI3,NA
ERMP1,NA
ERO1A,NA
ERO1L,NA
ERP29,NA
ESD,NA
ESPL1,NA
ESPN,NA
ETHE1,NA
ETL4,NA
EVA1A,NA
EVPL,NA
EXD2,NA
EXPH5,NA
EXT2,NA
F10,NA
F2RL1,NA
F2RL3,NA
F3,NA
F5,NA
F8,NA
F8A,NA
F8A1,NA
FAHD2,NA
FAHD2A,NA
FAIM2,NA
FAM10A5,NA
FAM120C,NA
FAM124B,NA
FAM126A,NA
FAM127A,NA
FAM135B,NA
FAM136A,NA
FAM148C,NA
FAM163A,NA
FAM163B,NA
FAM177A,NA
FAM177A1,NA
FAM184B,NA
FAM208B,NA
FAM209,NA
FAM20B,NA
FAM210A,NA
FAM210B,NA
FAM234B,NA
FAM241B,NA
FAM38A,NA
FAM40B,NA
FAM5B,NA
FAM62A,NA
FAM62B,NA
FAM69B,NA
FAM98B,NA
FAN1,NA
FANCD2,NA
FANCI,NA
FAR1,NA
FAT2,NA
FAT3,NA
FAT4,NA
FAU,NA
FBL,NA
FBXL15,NA
FBXL18,NA
FBXO31,NA
FBXO45,NA
FBXO7,NA
FBXW10,NA
FERMT1,NA
FGA,NA
FGD1,NA
FGD2,NA
FGD4,NA
FGF12,NA
FGFR1OP2,NA
FH1,NA
FHAD1,NA
FHL2,NA
FHOD3,NA
FIBCD1,NA
FIG4,NA
FILIP1L,NA
FKBP1A,NA
FLNC,NA
FLRT3,NA
FLT4,NA
FMN1,NA
FN3KRP,NA
FNBP1,NA
FOLH1,NA
FRAS1,NA
FREM1,NA
FREM2,NA
FRMD4A,NA
FRMD4B,NA
FRMD7,NA
FRMPD1,NA
FRMPD3,NA
FRMPD4,NA
FSD1L,NA
FSIP2,NA
FTL1,NA
FUBP1,NA
FUNDC1,NA
FUNDC2,NA
FUT8,NA
FUT9,NA
FXYD1,NA
FXYD6,NA
FYB,NA
G3BP1,NA
G6PDX,NA
GABRA5,NA
GALC,NA
GALK2,NA
GALNT17,NA
GALNT2,NA
GAPDHS,NA
GARNL1,NA
GATD1,NA
GBE1,NA
GBP3,NA
GCA,NA
GCAT,NA
GCC1,NA
GCFC2,NA
GCN1L1,NA
GCNT4,NA
Gcs1,NA
GDPGP1,NA
GEMIN5,NA
GFM1,NA
GFM2,NA
GFOD1,NA
GFRA1,NA
GGCT,NA
GGNBP1,NA
GID8,NA
GIGYF1,NA
GJB6,NA
GJC2,NA
GK;GK3P,NA
GLDC,NA
GLO1,NA
GLRX,NA
GLRX3,NA
GLRX5,NA
GLS2,NA
GLTP,NA
GM10020,NA
GM10031,NA
GM10036,NA
GM10053,NA
GM10250,NA
GM10260,NA
GM10263,NA
GM10269,NA
GM10273,NA
GM10320,NA
GM11214,NA
GM15013,NA
GM15800,NA
GM17541,NA
GM18025,NA
GM1840,NA
GM2000,NA
GM20388,NA
GM20390,NA
GM20425,NA
GM20431,NA
GM20441,NA
GM20498,NA
GM28035,NA
GM28062,NA
GM28635,NA
GM3839,NA
GM4070,NA
GM42957,NA
GM43738,NA
GM43796,NA
GM5093,NA
GM5422,NA
GM5580,NA
GM5611,NA
GM5612,NA
GM5786,NA
GM6525,NA
GM6576,NA
GM6793,NA
GM7293,NA
GM7808,NA
GM7964,NA
GM8394,NA
GM8730,NA
GM8797,NA
GM8994,NA
GM9242,NA
GM9493,NA
GM9755,NA
GM9774,NA
GM9833,NA
GMFB,NA
GMPPB,NA
GMPR,NA
GNA12,NA
GNAL,NA
GNAT3,NA
GNB3,NA
GNG13,NA
GNL3,NA
GNPDA2,NA
GOLGA1,NA
GOLGA4,NA
GOLGA5,NA
GOLGA7,NA
GOLM1,NA
GOLPH3,NA
GOPC,NA
GOSR2,NA
GPATCH8,NA
GPC4,NA
GPC5,NA
GPD1,NA
GPER1,NA
GPI1,NA
GPR85,NA
GPRASP1,NA
GPRASP2,NA
GPS1,NA
GRAMD1B,NA
GRAMD4,NA
GRB10,NA
GRCC10,NA
GREB1L,NA
GRID2IP,NA
GRIK1,NA
GRIK3,NA
GRIK4,NA
GRIN3A,NA
GRIN3B,NA
GRM8,NA
GRSF1,NA
GSG1L,NA
GSPT1,NA
GSPT2,NA
GSTA4,NA
GSTM6,NA
GSTP2,NA
GSTZ1,NA
GTDC2,NA
GTF2I,NA
GTF3C1,NA
GTPBP2,NA
GUCY1B1,NA
GUCY2E,NA
GULO,NA
GYS1,NA
H2AFV,NA
H2AFX,NA
H3F3A,NA
H3F3C,NA
HABP4,NA
HACD2,NA
HAX1,NA
HBA,NA
HBA-A2,NA
HBA1,NA
HBB-B1,NA
HBB-BS,NA
HBBT1,NA
HC,NA
HCCS,NA
HCFC1,NA
HDAC11,NA
HDGF,NA
HDGFRP3,NA
HDHD3,NA
HEATR9,NA
HEBP1,NA
HECTD1,NA
HECTD4,NA
HELQ,NA
HELZ,NA
HELZ2,NA
HERC2,NA
HIBADH,NA
HINT2,NA
HINT3,NA
HIPK4,NA
HIST1H1A,NA
HIST1H1B,NA
HIST1H2AE,NA
HIST1H2AJ,NA
HIST1H2BB,NA
HIST1H2BM,NA
HIST1H4B,NA
HIST1H4C,NA
HIST1H4D,NA
HIST1H4F,NA
HIST1H4H,NA
HIST1H4I,NA
HIST1H4J,NA
HIST1H4K,NA
HIST1H4M,NA
HIST1H4N,NA
HIST2H2BE,NA
HIST2H3PS2,NA
HIST2H4,NA
HIST4H4,NA
HIVEP2,NA
HIVEP3,NA
HK2,NA
HKDC1,NA
HMCN2,NA
HMGB2,NA
HMGCL,NA
HMMR,NA
HNRNPAB,NA
HNRNPDL,NA
HNRNPF,NA
HNRNPUL2,NA
HNRPDL,NA
Hnt,NA
HOOK1,NA
HPRT,NA
HPRT1,NA
HRSP12,NA
HS2ST1,NA
HSBP1,NA
HSD17B11,NA
HSF4,NA
HSP90AB2P,NA
HSPB11,NA
HTRA2,NA
HUNK,NA
HYDIN,NA
IBA57,NA
IDE,NA
IDI1,NA
IFFO1,NA
IFNGR1,NA
IFT172,NA
IFT27,NA
IGBP1,NA
IGF2R,NA
IGFN1,NA
IGHA1,NA
IGHG1,NA
IGHG3,NA
IGHM,NA
IGKC,NA
IGLC3,NA
IGLON5,NA
IGSF10,NA
IGSF3,NA
IGSF5,NA
IGSF9B,NA
IL1R1,NA
IL1RAP,NA
ILVBL,NA
IMPACT,NA
IMPDH2,NA
ING4,NA
ING5,NA
INO80,NA
INPP1,NA
INPP5A,NA
INPP5J,NA
INPPL1,NA
INSR,NA
INSYN1,NA
INSYN2A,NA
IPO4,NA
IQCA,NA
IQCB1,NA
IRGM1,NA
IRS1,NA
ISCA1,NA
ISCA2,NA
ISLR2,NA
ISOC2A,NA
ISYNA1,NA
ITCH,NA
ITGA6,NA
ITGA8,NA
ITGAX,NA
ITGB4,NA
ITGB8,NA
ITIH1,NA
ITIH4,NA
ITPR2,NA
ITPR3,NA
ITPRID1,NA
JAGN1,NA
JAKMIP1,NA
JAKMIP2,NA
JAKMIP3,NA
JAM2,NA
JCAD,NA
JMJD1C,NA
JPH4,NA
KAT2A,NA
KCNA6,NA
KCNB2,NA
KCNC1,NA
KCNC2,NA
KCNC3,NA
KCND3,NA
KCNH7,NA
KCNIP2,NA
KCNIP3,NA
KCNIP4,NA
KCNJ16,NA
KCNK1,NA
KCNN2,NA
KCNQ3,NA
KCNQ5,NA
KCNS1,NA
KCNT1,NA
KCTD10,NA
KCTD11,NA
KCTD3,NA
KCTD4,NA
KDM2A,NA
KDM2B,NA
KDM3A,NA
KDM5A,NA
KDM5B,NA
KDM5C,NA
KDM5D,NA
KEL,NA
KHDRBS3,NA
KIAA1107,NA
KIAA1211L,NA
KIAA1467,NA
KIAA1671,NA
KIAA1967,NA
KIDINS220,NA
KIF11,NA
KIF13B,NA
KIF15,NA
KIF16B,NA
KIF17,NA
KIF1C,NA
KIF23,NA
KIF27,NA
KIF3B,NA
KIF3B;KIF3C,NA
KIF3C,NA
KIFC3,NA
KIRREL3,NA
KIZ,NA
KLHL1,NA
KLHL10,NA
KLHL17,NA
KMT2A,NA
KMT2B,NA
KMT2D,NA
KNDC1,NA
KNL1,NA
KNTC1,NA
KPNA4,NA
KPNA6,NA
KRT13,NA
KRT18,NA
KRT19,NA
KRT20,NA
KRT222,NA
KRT24,NA
KRT31,NA
KRT33B,NA
KRT36,NA
KRT4,NA
KRT40,NA
KRT42,NA
KRT7,NA
KRT71,NA
KRT72,NA
KRT73,NA
KRT75,NA
KRT76,NA
KRT77,NA
KRT79,NA
KRT81,NA
KRT82,NA
KRT84,NA
KRT87,NA
KYAT3,NA
L2HGDH,NA
LAMA1,NA
LAMA2,NA
LAMA3,NA
LAMA5,NA
LAMB1,NA
LAMB2,NA
LAMC3,NA
LAMP2,NA
LAMP5,NA
LAMTOR3,NA
LAMTOR4,NA
LAMTOR5,NA
LARS,NA
LCK,NA
LCMT1,NA
LDHD,NA
LIG4,NA
LIME1,NA
LIMK1,NA
LMAN1,NA
LMAN2L,NA
LMBRD1,NA
LMBRD2,NA
LNPK,NA
LOXHD1,NA
LPGAT1,NA
LRIG2,NA
LRP8,NA
LRRC15,NA
LRRC16A,NA
LRRC4,NA
LRRC73,NA
LRRC8C,NA
LRRC8D,NA
LRRC8E,NA
LRRC9,NA
LRRFIP1,NA
LRRK1,NA
LRRK2,NA
LSM11,NA
LSM12,NA
LSM4,NA
LTA4H,NA
LTBP4,NA
LUC7L2,NA
LUZP1,NA
LXN,NA
LYPLA1,NA
LYZ1,NA
LYZ2,NA
LZTFL1,NA
LZTR1,NA
LZTS2,NA
MAATS1,NA
MAEA,NA
MAGED2,NA
MAGEF1,NA
MAGI3,NA
MAGOH,NA
MAGOHB,NA
MAIP1,NA
MAL2,NA
MAN1A2,NA
MANF,NA
MAP10,NA
MAP2K3,NA
MAP3K10,NA
MAP3K12,NA
MAP3K15,NA
MAP3K21,NA
MAP3K4,NA
MAP3K7,NA
MAP4K4,NA
MAP7,NA
MAP9,NA
MAPK15,NA
MAPK8IP1,NA
MAPK8IP2,NA
MAPK9,NA
MARK3,NA
MAST4,NA
MAT2B,NA
MCAT,NA
MCM7,NA
MCOLN2,NA
MCTP2,NA
MCTS1,NA
MDGA2,NA
MDP1,NA
ME2,NA
MED12,NA
MED12L,NA
MED13,NA
MEFV,NA
MESDC2,NA
MEST,NA
MET,NA
METHIG1,NA
METTL7A,NA
METTL7A1,NA
METTL7A2,NA
MFGE8,NA
MFN1,NA
MFSD6,NA
MGA,NA
MGRN1,NA
MIA3,NA
MIB1,NA
MIB2,NA
MIC13,NA
MIEN1,NA
MINA,NA
MINOS1,NA
MIR132,NA
MIR134,NA
MIR99A,NA
MKL2,NA
MLF1,NA
MLST8,NA
MLYCD,NA
MMAB,NA
MMGT1,NA
MMP17,NA
MMS19,NA
MOB1A,NA
MOB1B,NA
MOB2,NA
MOB4,NA
MOCS3,NA
MON2,NA
MPDU1,NA
MPHOSPH8,NA
MPI,NA
MPST,NA
MPV17,NA
MROH1,NA
MROH2A,NA
MROH2B,NA
MRPL12,NA
MRPL17,NA
MRPL23,NA
MRPL38,NA
MRPL39,NA
MRPL46,NA
MRPS18B,NA
MRPS25,NA
MRPS31,NA
MRPS34,NA
MSI2,NA
MSL3,NA
MSRA,NA
MT-CO1,NA
MT-CO3,NA
MT-CYB,NA
MT-ND3,NA
MTATP8,NA
MTCL1,NA
MTCO1,NA
MTCO2,NA
MTFP1,NA
MTMR14,NA
MTMR4,NA
MTMR9,NA
MTND1,NA
MTND2,NA
MTND3,NA
MTND4,NA
MTND5,NA
MTPN,NA
MTTP,NA
MTUS2,NA
MUP1,NA
MUP10,NA
MUP11,NA
MUP13,NA
MUP14,NA
MUP15,NA
MUP17,NA
MUP18,NA
MUP19,NA
MUP2,NA
MUP4,NA
MUP5,NA
MUP6,NA
MUP7,NA
MUP8,NA
MUP9,NA
MVB12B,NA
MYBPC2,NA
MYD88,NA
MYDGF,NA
MYH1,NA
MYH3,NA
MYH4,NA
MYH7,NA
MYH7B,NA
MYH8,NA
MYL12A,NA
MYL12B,NA
MYL4,NA
MYL9,NA
Mylc2b,NA
MYLK2,NA
MYO10,NA
MYO15,NA
MYO16,NA
MYO3B,NA
MYO5C,NA
MYO7A,NA
MYO7B,NA
MYOF,NA
MYOM1,NA
MYPN,NA
MYRF,NA
N4BP1,NA
N4BP3,NA
NAA15,NA
NAA25,NA
NAGK,NA
NAIP2,NA
NAMPT,NA
NANS,NA
NAT10,NA
NAT14,NA
NAV1,NA
NBAS,NA
NCBP3,NA
NCOA7,NA
NCOR2,NA
NCS1,NA
NDRG4,NA
NDST1,NA
NDUFA3,NA
NDUFAF2,NA
NDUFAF6,NA
NDUFB2,NA
NDUFV3,NA
NECTIN1,NA
NECTIN3,NA
NEK1,NA
NES,NA
NET1,NA
NEU4,NA
NEURL1A,NA
NFKBIE,NA
NGFR,NA
NHSL1,NA
NIF3L1,NA
NIN,NA
NINL,NA
NIPBL,NA
NIPSNAP3A,NA
NISCH,NA
NKAIN4,NA
NKIRAS1,NA
NLK,NA
NLN,NA
NLRC3,NA
NLRC5,NA
NLRP10,NA
NLRP9B,NA
NLRX1,NA
NOL3,NA
NOMO2,NA
NOS1AP,NA
NOS3,NA
NPCD,NA
NPHP3,NA
NPHS1,NA
NPLOC4,NA
NPR1,NA
NPTXR,NA
NR3C1,NA
NR3C2,NA
NRAP,NA
NRBP1,NA
NRBP2,NA
NRIP1,NA
NRP1,NA
NRXN2,NA
NSDHL,NA
NSG2,NA
NT5C,NA
NT5C2,NA
NT5M,NA
NTNG2,NA
NUB1,NA
NUDT11,NA
NUDT3,NA
NUDT4,NA
NUDT9,NA
NUP188,NA
NUP210,NA
NUP62,NA
NUTF2,NA
NWD1,NA
NWD2,NA
NYAP1,NA
OAS3,NA
ODF2,NA
ODF2L,NA
ODZ4,NA
OGFR,NA
OLFR1458,NA
OMP,NA
OPRD1,NA
OPTN,NA
ORMDL2,NA
ORMDL3,NA
OSBP,NA
OSBP2,NA
OSBPL6,NA
OSTF1,NA
OTUD7A,NA
OTUD7B,NA
OXSR1,NA
P140,NA
P2RX2,NA
P2RX4,NA
P2RX6,NA
P2RY1,NA
P2RY12,NA
P3H3,NA
PABPC1L2A,NA
PABPN1,NA
PAG1,NA
PAIP1,NA
PAK3,NA
PAK5,NA
PAK6,NA
PAN2,NA
PANX2,NA
PARP14,NA
PATJ,NA
PAX6,NA
PCBP3,NA
PCCB,NA
PCDH10,NA
PCDH19,NA
PCDH7,NA
PCDH8,NA
PCDHB6,NA
PCDHGA4,NA
PCDHGC5,NA
PCM1,NA
PCNX,NA
PCNX2,NA
PCNX3,NA
PCP4,NA
PCTK3,NA
PCX,NA
PCYOX1,NA
PCYT2,NA
PDAP1,NA
PDCD10,NA
PDCD11,NA
PDCD5,NA
PDDC1,NA
PDE11A,NA
PDE4DIP,NA
PDGFRA,NA
PDIA4,NA
PDLIM7,NA
PDS5B,NA
PDZD11,NA
PDZD2,NA
PDZRN3,NA
PEA15A,NA
PEAK1,NA
PEF1,NA
PEG3,NA
PEPD,NA
PER3,NA
PES1,NA
PEX5,NA
PFDN5,NA
PFKFB2,NA
PGAM2,NA
PGLS,NA
PGM1,NA
PGM2,NA
PGM3,NA
PHEX,NA
PIGU,NA
PIK3CA,NA
PIK3CB,NA
PIK3CG,NA
PIK3R1,NA
PIP4P2,NA
PISD,NA
PITPNB,NA
PJA1,NA
PKHD1L1,NA
PKLR,NA
PKN2,NA
PKN3,NA
PKP1,NA
PLA2G4A,NA
PLA2G6,NA
PLB1,NA
PLCG2,NA
PLCL2,NA
PLCXD3,NA
PLD2,NA
PLEC1,NA
PLEK,NA
PLEKHA7,NA
PLEKHH1,NA
PLEKHH3,NA
PLEKHM1,NA
PLGRKT,NA
PLK2,NA
PLPBP,NA
PLPP6,NA
PLPPR1,NA
PLPPR3,NA
PLSCR3,NA
PLXNB3,NA
PMCH,NA
PMFBP1,NA
PMPCB,NA
PNMA5,NA
PNP,NA
PNPLA8,NA
POGLUT1,NA
POLE,NA
POLR1A,NA
POLR1B,NA
POLR2A,NA
POLR2B,NA
POLR2H,NA
POLRMT,NA
POMGNT1,NA
POMGNT2,NA
POP4,NA
POU4F3,NA
PPA1,NA
PPA2,NA
PPM1A,NA
PPOX,NA
PPP1R12B,NA
PPP1R13B,NA
PPP1R16B,NA
PPP1R1B,NA
PPP1R26,NA
PPP2R1B,NA
PPP2R5A,NA
PPP4C,NA
PPP4R4,NA
PPP6R1,NA
PPT1,NA
PRDM16,NA
PRDX4,NA
PRELP,NA
PREX2,NA
PRICKLE1,NA
PRKAA1,NA
PRKAB2,NA
PRKCQ,NA
PRKN,NA
PRKX,NA
PROSER2,NA
PROX1,NA
PRPF19,NA
PRPF40A,NA
PRPF4B,NA
PRPS1L1,NA
PRPS1L3,NA
PRPSAP1,NA
PRRC2A,NA
PRRC2C,NA
PRX,NA
PSD4,NA
PSEN1,NA
PSMA1,NA
PSMA8,NA
PSMB1,NA
PSMB2,NA
PSMB3,NA
PSMB4,NA
PSMB5,NA
PSMB7,NA
PSMC5,NA
PSMD10,NA
PSMD9,NA
PSME1,NA
PSME4,NA
PSPH,NA
PTBP1,NA
PTBP2,NA
PTCH1,NA
PTEN,NA
PTGDS,NA
PTGFRN,NA
PTGR2,NA
PTK7,NA
PTN,NA
PTP4A2,NA
PTPMT1,NA
PTPRB,NA
PTPRG,NA
PTPRO,NA
PTRF,NA
PTRH2,NA
PTRHD1,NA
PUM1,NA
PUM3,NA
PVALB,NA
PVRL1,NA
PXDC1,NA
PXK,NA
PYCR2,NA
PYCR3,NA
PYGL,NA
QSOX2,NA
RAB11A,NA
RAB11FIP1,NA
RAB33A,NA
RAB37,NA
RAB43,NA
RAB9A,NA
RABGAP1,NA
RABGGTB,NA
RABL6,NA
RAC2,NA
RAD23B,NA
RADIL,NA
RAE1,NA
RAF1,NA
RALB,NA
RALGAPA1,NA
RALY,NA
RANBP2,NA
RASA2,NA
RASAL3,NA
RASGRP1,NA
RASGRP2,NA
RASL2-9,NA
RB1CC1,NA
RBBP4,NA
RBBP7,NA
RBBP9,NA
RBFOX1,NA
RBFOX3,NA
RBM20,NA
RBM39,NA
RBM8,NA
RBM8A,NA
RBM8A2,NA
RDH13,NA
REEP1,NA
RELL2,NA
RELN,NA
RER1,NA
RETSAT,NA
REXO1,NA
RGS19,NA
RGS20,NA
RGS8,NA
RGS9,NA
RHBDD2,NA
RHBDF1,NA
RHBDL1,NA
RIC1,NA
RICTOR,NA
RIF1,NA
RILP,NA
RIMBP3,NA
RIMS4,NA
RIOX1,NA
RIPOR1,NA
RMDN1,NA
RMND1,NA
RNASEL,NA
RNF10,NA
RNF11,NA
RNF112,NA
RNF123,NA
RNF14,NA
RNF17,NA
RNF20,NA
RNF213,NA
RNPS1,NA
ROBO2,NA
ROMO1,NA
RP1,NA
RP1L1,NA
RPGRIP1,NA
RPGRIP1L,NA
RPL10-PS3,NA
RPL10L,NA
RPL22L1,NA
RPL6L,NA
RPP14,NA
RPRD2,NA
RPS27L,NA
RPS6KA1,NA
RPS6KA3,NA
RPS6KA4,NA
RPS6KB1,NA
RRAGA,NA
RRAGC,NA
RRAS,NA
RRM1,NA
RSPRY1,NA
RSU1,NA
RTN4R,NA
RTP2,NA
RTRAF,NA
RTTN,NA
RUNDC3A,NA
RYR1,NA
RYR3,NA
S100A14,NA
S100A4,NA
S100A5,NA
S100A8,NA
SAFB,NA
SAFB2,NA
SAMD14,NA
SAR1B,NA
SARAF,NA
SARM1,NA
SARNP,NA
SARS2,NA
SART3,NA
SBDS,NA
SBNO2,NA
SCAMP2,NA
SCAMP4,NA
SCARB2,NA
SCFD2,NA
SCLT1,NA
SCN10A,NA
SCN11A,NA
SCN2A1,NA
SCN3B,NA
SCN8A,NA
SCN9A,NA
SCRN3,NA
SCYL1,NA
SCYL2,NA
SDC3,NA
SDF2,NA
SDF2L1,NA
SDF4,NA
SDHC,NA
SDHD,NA
SDK1,NA
SDK2,NA
SEC11A,NA
SEC11C,NA
SEC63,NA
SEH1L,NA
SEL1L,NA
SELENBP1,NA
SELM,NA
SELT,NA
SEMA4C,NA
SENP7,NA
SEPSECS,NA
SEPT14,NA
SERINC1,NA
SERPINA3,NA
SERPINA3M,NA
SERPINB1A,NA
SERPINB6,NA
SERPINB6A,NA
SERPINE2,NA
SERPINH1,NA
SETD7,NA
SETDB1,NA
SEZ6L,NA
SF1,NA
SF3B3,NA
SGTB,NA
SH3BGRL3,NA
SH3D21,NA
SH3GLB1,NA
SHC1,NA
SHISA4,NA
SHISA8,NA
SHPRH,NA
SHROOM2,NA
SHROOM4,NA
SIDT1,NA
SIM2,NA
SIPA1L2,NA
SKINT6,NA
SLC12A4,NA
SLC12A9,NA
SLC13A5,NA
SLC14A1,NA
SLC16A1,NA
SLC16A3,NA
SLC16A7,NA
SLC17A6,NA
SLC17A8,NA
SLC18A2,NA
SLC20A2,NA
SLC22A1,NA
SLC22A17,NA
SLC23A2,NA
SLC24A2,NA
SLC24A4,NA
SLC25A27,NA
SLC25A51,NA
SLC27A2,NA
SLC29A2,NA
SLC30A10,NA
SLC35B2,NA
SLC44A1,NA
SLC4A7,NA
SLC6A6,NA
SLC6A7,NA
SLC7A11,NA
SLC7A2,NA
SLC7A8,NA
SLC9A7,NA
SLCO1C1,NA
SLF1,NA
SLIRP,NA
SLITRK2,NA
SLITRK4,NA
SLITRK5,NA
SLMAP,NA
SMARCA4,NA
SMARCA5,NA
SMARCC1,NA
SMC1B,NA
SMC2,NA
SMC5,NA
SMCHD1,NA
SMG1,NA
SMG5,NA
SMO,NA
SMYD3,NA
SNAP23,NA
SNAPC4,NA
SNRK,NA
SNRPA1,NA
SNRPB,NA
SNRPD1,NA
SNRPF,NA
SNW1,NA
SNX16,NA
SNX24,NA
SNX30,NA
SORD,NA
SOS2,NA
SOX7,NA
sp|Q8BGX2|CS052_MOUSE,NA
sp|Q8BHE8|CB047_MOUSE,NA
sp|Q8BR90-2|CE051_MOUSE,NA
sp|Q8BR90|CE051_MOUSE,NA
sp|Q8C3W1|CA198_MOUSE,NA
sp|Q9CPS8|SMAKA_MOUSE,NA
sp|Q9CYS6-2|CB072_MOUSE,NA
sp|Q9CYS6|CB072_MOUSE,NA
SPAG17,NA
SPAG5,NA
SPAST,NA
SPATA2,NA
SPEF2,NA
SPEG,NA
SPG11,NA
SPG20,NA
SPHK2,NA
SPINK5,NA
SPNS2,NA
SPOCK2,NA
SPPL2B,NA
SPR,NA
SPRED2,NA
SPRYD7,NA
SPTA1,NA
SRM,NA
SRP72,NA
SRP9,NA
SRSF7,NA
SSB,NA
SSPO,NA
SSR3,NA
SSR4,NA
ST13,NA
ST14,NA
ST5,NA
STAB2,NA
STAM,NA
STAMBP,NA
STARD8,NA
STARD9,NA
STAT5A,NA
STAT6,NA
STC1,NA
STIM2,NA
STMN1,NA
STMN2,NA
STOX2,NA
STRC,NA
STRIP1,NA
STRN3,NA
STT3A,NA
STT3B,NA
STUM,NA
STX18,NA
STX4A,NA
STX8,NA
STXBP2,NA
SUMO2,NA
SUMO3,NA
SUN1,NA
SUPV3L1,NA
SURF1,NA
SURF4,NA
SUV420H2,NA
SV2C,NA
SVIL,NA
SVIP,NA
SYNDIG1,NA
SYNE2,NA
SYPL,NA
SYPL1,NA
SYT17,NA
SZT2,NA
TAF1,NA
TAGLN,NA
TARS2,NA
TAX1BP1,NA
TBC1D15,NA
TBC1D2,NA
TBC1D2B,NA
TBC1D32,NA
TBC1D8,NA
TBC1D8B,NA
TBKBP1,NA
TBL2,NA
TCEA1,NA
TCHP,NA
TDRD5,NA
TDRD9,NA
TDRKH,NA
TENM1,NA
TENM2,NA
TEP1,NA
TESC,NA
TET3,NA
TEX2,NA
TEX9,NA
TF,NA
TFB1M,NA
TFG,NA
TG,NA
TGFBRAP1,NA
TGM2,NA
TGM3,NA
TH,NA
THADA,NA
THBS4,NA
THEM2,NA
THEM4,NA
THOC2,NA
THOP1,NA
THSD7B,NA
TIAL1,NA
TIAM1,NA
TIGAR,NA
TIMELESS,NA
TIMM13,NA
TIMM22,NA
TIMM23,NA
TIMM8A1,NA
TIMM8A2,NA
TIPRL,NA
TJAP1,NA
TK2,NA
TLK2,NA
TLR12,NA
TLR7,NA
TM9SF3,NA
TMCC2,NA
TMCO1,NA
TMCO3,NA
TMED3,NA
TMED7,NA
TMEFF1,NA
TMEFF2,NA
TMEM106B,NA
TMEM108,NA
TMEM121B,NA
TMEM131,NA
TMEM132A,NA
TMEM132E,NA
TMEM14C,NA
TMEM151A,NA
TMEM151B,NA
TMEM163,NA
TMEM178B,NA
TMEM200A,NA
TMEM222,NA
TMEM256,NA
TMEM263,NA
TMEM35,NA
TMEM35A,NA
TMEM47,NA
TMEM50B,NA
TMEM55A,NA
TMEM55B,NA
TMEM87B,NA
TMEM94,NA
TMLHE,NA
TMPO,NA
TMSB4X,NA
TMUB1,NA
TMX3,NA
TNKS1BP1,NA
TNNC2,NA
TNS2,NA
TOGARAM1,NA
TOMM7,NA
TOMM70,NA
TOP2A,NA
TOP3A,NA
TOR1A,NA
TOR1AIP1,NA
TP53BP1,NA
TPD52L1,NA
TPGS1,NA
TPM2,NA
TPM3-RS7,NA
TPRG1L,NA
TRA2B,NA
TRADD,NA
TRAK1,NA
TRAPPC1,NA
TRAPPC2,NA
TRAPPC2L,NA
TRAPPC4,NA
TRAPPC5,NA
TRAPPC8,NA
TRF,NA
TRHDE,NA
TRIM23,NA
TRIM25,NA
TRIM36,NA
TROVE2,NA
TRP53BP1,NA
TRP53I11,NA
TRPC4,NA
TRPC5,NA
TRPM4,NA
TRPM6,NA
TRPM7,NA
TSN,NA
TSNAX,NA
TSPOAP1,NA
TSR2,NA
TSSC1,NA
TSTA3,NA
TTBK1,NA
TTC19,NA
TTC21A,NA
TTC21B,NA
TTC28,NA
TTC9,NA
TTLL12,NA
TUBA1C,NA
TUBA3A,NA
TUBAL3,NA
TUBB1,NA
TUBB5,NA
TUBB8,NA
TUBGCP2,NA
TUBGCP3,NA
TUSC2,NA
TUT4,NA
TXN,NA
TXN1,NA
TXN2,NA
TXNDC12,NA
TXNDC17,NA
TXNDC9,NA
TXNRD1,NA
TYRO3,NA
U2AF1,NA
U2AF1L4,NA
U2AF2,NA
UBA3,NA
UBASH3B,NA
UBE2D1,NA
UBE2D2,NA
UBE2D2A,NA
UBE2D3,NA
UBE2I,NA
UBE2K,NA
UBE2L3,NA
UBE2Q1,NA
UBIE2,NA
UBN1,NA
UBOX5,NA
UBR1,NA
UBR2,NA
UBTD1,NA
UBTD2,NA
UBXN2B,NA
UBXN4,NA
UCHL3,NA
UCHL4,NA
UCHL5,NA
UFD1L,NA
UFL1,NA
UGCG,NA
UGT8A,NA
UHRF1BP1L,NA
UNC13B,NA
UNC13C,NA
UNC5A,NA
UNC5C,NA
UNC79,NA
UQCC1,NA
UQCC2,NA
URGCP,NA
USH2A,NA
USP10,NA
USP11,NA
USP13,NA
USP25,NA
USP34,NA
USP36,NA
USP43,NA
USP50,NA
UTRN,NA
VANGL1,NA
VANGL2,NA
VAV2,NA
VEGFA,NA
VEPH1,NA
VIRMA,NA
VKORC1,NA
VKORC1L1,NA
VMP1,NA
VPS13A,NA
VPS13B,NA
VPS13D,NA
VPS36,NA
VPS37B,NA
VPS4B,NA
VPS54,NA
VPS9D1,NA
VTI1A,NA
VTN,NA
VWA3A,NA
VWA5A,NA
VWA5B1,NA
VWA8,NA
VWC2,NA
WARS,NA
WASHC4,NA
WBP2,NA
WDFY3,NA
WDR11,NA
WDR26,NA
WDR35,NA
WDR41,NA
WDR45B,NA
WDR6,NA
WDR81,NA
WDR82,NA
WDR89,NA
WDR93,NA
WIF1,NA
WIPF3,NA
WIZ,NA
WNK3,NA
WRN,NA
WWC1,NA
WWC2,NA
XIRP2,NA
XPNPEP1,NA
XPNPEP3,NA
XRCC1,NA
XRCC5,NA
XRCC6,NA
YME1L1,NA
YTHDC2,NA
YTHDF1,NA
YTHDF3,NA
ZAP70,NA
ZBED5,NA
ZC2HC1A,NA
ZC3H8,NA
ZDBF2,NA
ZDHHC17,NA
ZDHHC8,NA
ZFAND2B,NA
ZFAT,NA
ZFP292,NA
ZFP318,NA
ZFP365,NA
ZFP423,NA
ZFP445,NA
ZFP518A,NA
ZFP521,NA
ZFP536,NA
ZFP541,NA
ZFP592,NA
ZFP598,NA
ZFP609,NA
ZFP827,NA
ZFYVE26,NA
ZGRF1,NA
ZMYM2,NA
ZMYM3,NA
ZNF365,NA
ZNF451,NA
ZSWIM3,NA
ZSWIM4,NA
ZSWIM8,NA
ZW10,NA
ZWINT,NA
ZZEF1,NA
NA,NA
