postsyn_consensus_list,presyn_consensus,ER_consensus,Golgi_consensus,mito_consensus,cytoskeleton_consensus,cytoplasm_consensus,nucleus_consensus
DNM1,ATP6V1B1,BCAP31,GOLGA5,ABCB7,CALD1,DPP3,TMPO
ADAM22,KCNA3,CALU,CASC4,ACADM,CDC42EP4,GALK1,ADNP
CAMK2A,KCNJ3,DNAJC3,FAM20B,ATP5J,LIMA1,MTAP,AHCTF1
CDK5,NCSTN,NSDHL,GALNT2,CPOX,PDLIM1,PREP,ARID1A
CNTNAP1,RAB4A,PRDX4,GOLPH3,CPT2,TACC1,SHMT1,ATM
DLG2,RAB7,ALG9,IMPAD1,ECH1,TUBB4A,ST13,ATRX
KALRN,SCAMP1,ANKLE2,MAN2A1,ECHS1,AAMP,TKFC,BAZ1B
NCKAP1,SLC2A3,ASPH,MGAT2,GCDH,ABCB4,UCHL3,BOP1
NEFL,SLC6A1,ATL3,RER1,GPT2,ACTBL2,ACAT2,BRD2
PPP3CA,SLC9A6,BNIP1,ZDHHC17,GRPEL1,ACTC1,ADH5,BRD3
RAC1,SYNPR,CCDC47,ZFPL1,HINT2,ACTG2,ADSS,BRD4
SHANK1,VAMP7,CISD2,AKAP9,IVD,AFAP1,AKR1B3,CBX5
SPTBN1,39692,CLCC1,ARFRP1,MPST,ALS2,ALDH1A1,CENPV
SYNGAP1,4932438A13RIK,CNPY2,B4GALT1,MRPL12,APBB3,APEH,CHAMP1
YWHAE,6330403A02RIK,CYB5A,CUX1,MRPL28,ATF4,APRT,CHD4
ANK2,A830010M20RIK,DHCR7,FAM3C,MRPS23,C2CD3,ARF4,CHD8
BAIAP2,ABCC8,DNAJB11,GALNT1,MRPS7,CAMSAP2,ARMC6,CTCF
CAMK2B,ACHE,DNAJB12,GALNT7,MTX2,CCDC40,ASL,DDX18
CAMK2G,ACTG1,EDEM3,GOLGA2,OAT,CCDC64B,ASNS,DDX51
CAPZA2,ADAM10,FDFT1,GOLGB1,PMPCA,CCDC88C,ATG3,DEK
CASKIN1,ADCYAP1,LCLAT1,GOLIM4,PPA2,CDC42EP1,ATOX1,DIDO1
CNTN1,ADCYAP1R1,LPCAT1,GORASP1,SLC25A10,CDC42EP2,BLVRA,DMAP1
CYFIP1,ADORA1,MOGS,HS2ST1,SUCLG2,CENPE,CAR2,DNMT1
CYFIP2,ADORA2A,PRKCSH,SLC30A5,TST,CENPU,CDC37,DNMT3A
DLG1,ADRA1A,RCN1,SLC38A10,AARS2,CEP120,CDK4,DPF2
DLGAP1,ADRA2A,SEC61A1,TMEM115,ABHD10,CEP128,CRLF3,EZH2
EPB41L3,ADRA2C,SEC61B,TMEM165,ACADS,CEP131,CSTB,FBL
GLUL,AGPAT1,SEC63,TRIP11,ACSF2,CEP55,DCTPP1,GATAD2A
GNB1,AKR1E1,SERPINH1,ABCA7,AKAP1,CEP57,EIF3E,GATAD2B
GRIN1,AKR1E2,SGPL1,ABCB6,ALDH1B1,CEP68,EIF3G,GLYR1
GRIN2B,ALCAM,SLC39A7,ACBD3,ARMC1,CEP97,ELP2,H2AFY
GRM3,ALPL,SSR1,AFTPH,ATP5K,CFAP54,ENO1B,H2AFY2
IQSEC1,APBA1,TMCO1,AHSG,BCKDHB,CHD3,EPHX2,HIRA
IQSEC2,APBA2,TMX1,AJUBA,BCL2L13,CKAP2,FABP1,HMGA2
KIF5C,APBB1,UFL1,ALKBH5,CCDC58,CLK3,FABP5,INTS3
LGI1,APH1A,UGGT1,AP1AR,CHCHD4,CNN1,FAH,MBD3
MAPK1,APLP2,ACSL1,AP1S2,CLPP,CNN3,FBXO7,MECP2
NSF,ASPM,ACSL5,ARFGEF1,CLPX,CSPP1,FTCD,MPHOSPH10
PRKCB,ATG9A,AGPAT2,ARFIP1,COA7,CTNS,GALE,MRE11A
PURA,ATP1B3,ALG10B,ARFIP2,COQ3,DDR2,GALK2,MTA1
SHANK2,ATP6AP2,ALG2,ASH1L,COX17,DHX57,GCA,MTA2
YWHAB,ATP6V0C,ALG6,ASIC1,COX20,DLGAP5,GCLC,NAT10
YWHAG,BACE1,APMAP,ATAT1,COX7A2,DNAH2,GCLM,NIPBL
YWHAZ,BCL2L1,BCAP29,ATP2C1,DAP3,DNAL1,GLO1,NOC3L
ABI1,BDNF,CAML,ATP7A,DARS2,DVL2,GNE,NOL11
ABLIM1,C1QL1,CCDC134,ATP7B,DHODH,DYSF,GNMT,NOP56
ABR,CACNA1A,CERS2,ATP8B2,DIABLO,DZIP1L,GPI1,NUP188
ADD1,CACNA1D,CLGN,B2M,ETHE1,EML4,GPN1,NUP54
AGAP2,CACNA1H,CLPTM1L,B3GNT9,FAHD1,EPPK1,GSS,PDCD11
ANKS1B,CADM3,COLGALT1,B4GALNT3,FAM136A,EVPL,GSTA3,PSIP1
ATP1A1,CALB1,CYP51,B4GALT2,FAM162A,EXOSC4,GSTM2,PWP2
BASP1,CALCA,DERL1,B4GALT3,FASTKD2,FEZ1,HMGCS1,RAD21
CAMK2D,CALM1,DGAT1,B4GALT4,FDXR,FGD4,HPGD,RANBP2
CFL1,CALM2,DNAJC1,BET1L,FOXRED1,FLNB,IMPDH2,RCC1
CLTC,CALM3,DNAJC10,BICD2,GATB,FLNC,ITPA,RNF2
DLG3,CASR,EBP,BIRC6,GCAT,FLT1,KNTC1,RPRD2
DLG4,CCK,EBPL,BLZF1,GFM1,GAN,LCP1,RRP9
DLGAP2,CCKAR,ELOVL1,BST2,GLDC,HAUS6,LGALS1,SIN3A
DLGAP3,CCL2,EMC3,CANT1,GUF1,HMMR,LGALS9,SMARCA4
DLGAP4,CDH1,EMC4,CAV1,H2-KE6,IFT20,LTA4H,SMARCA5
DNAJC6,CDH8,EMC7,CCDC91,HAX1,IFT22,LZTFL1,SMARCD1
DNM3,CDH9,ERAP1,CD74,HCCS,IFT43,MRI1,SMARCE1
DPYSL2,CDK16,ERLEC1,CDH15,HIBADH,IFT46,MTPN,SMC6
DSTN,CDK5R1,ERMP1,CEP83,HSPE1,IGBP1,NQO1,SMCHD1
DYNC1H1,CHRM1,ERO1L,CHST11,HTRA2,IQCB1,NT5C,SPIN1
ERC2,CHRM3,ERP29,CHST12,L2HGDH,IQCG,NUBP1,STAG1
EXOC4,CHRM4,FADS1,CHST2,LARS2,KATNA1,NUDC,SUGP1
FBXO41,CHRNA4,FADS2,CHST3,MARC2,KATNAL2,NUDT3,SUZ12
FYN,CHRNA6,FKBP9,CLCN5,MARCH5,KEAP1,NUDT4,TCF20
GAP43,CHRNA7,FMO5,CLSPN,MAVS,KIF18A,PAFAH1B2,TERF2
GNAO1,CHRNB2,FNDC3A,COG2,MCAT,KIF18B,PDCD5,TERF2IP
GRIA1,CLCN3,GANAB,COG4,MCU,KIF26B,PDCL3,TOP1
GRIA2,CLN3,H13,COG5,ME2,KIF2B,PHPT1,TOP2A
GRIA3,CNGA1,H6PD,COG6,MECR,KLC3,PLCG1,TOP2B
GRIN2A,CNTN5,HACD2,COG7,MFN1,KLHL12,PPM1A,TPX2
GRM5,CNTN6,HMGCR,COG8,MIPEP,KLHL4,PPM1B,UHRF1
HOMER1,CNTNAP4,HSD17B7,COL4A3BP,MRPL1,KNSTRN,PSAT1,USP3
INA,COMT,HSPA13,COPE,MRPL10,KRT13,PSMD9,UTP14A
KCNAB2,COPS5,IER3IP1,COPG1,MRPL11,KRT14,RABGAP1,WDR3
MACF1,COPS6,KDSR,COPZ1,MRPL14,KRT15,RANBP1,WDR5
MAP1A,CPLX1,LEMD2,DAPK2,MRPL19,KRT17,RNF114,WTAP
MAP1B,CPLX2,LMAN1,DDX54,MRPL2,KRT19,RPS20,XRCC1
MAP2,CPLX3,LMAN2,DENND4B,MRPL21,KRT23,RRM1,YLPM1
MAP2K1,CPLX4,LNPK,DENND4C,MRPL22,KRT24,RRM2,ZFP37
MAPT,CRHBP,LPCAT3,DENND5A,MRPL37,KRT4,SDS,ZMYM3
MPP2,CRHR2,LSG1,DNMBP,MRPL38,KRT8,SOD1,ZMYM4
NCDN,CTBP2,LSS,DPP7,MRPL40,KRT80,STBD1,ACTL6A
NEFH,CYP19A1,MACO1,DRAM2,MRPL41,LAD1,STMN1,ACTR8
NEFM,CYTH1,MANF,DYM,MRPL44,LATS2,TGM2,AFF4
NRXN1,D230025D16RIK,MCFD2,EBAG9,MRPL45,LDLRAP1,THADA,AKAP8
PALM,DBH,MESD,ENPP2,MRPL46,MAP2K5,TSTA3,APEX1
PGAM5,DBI,MIA2,ENTPD6,MRPL47,MAP3K11,TTC1,API5
PHB2,DDC,MLEC,ESCO2,MRPL54,MAP7,TXN1,AQR
PLCB1,DEM1,MSMO1,EVI5,MRPL9,MARCKS,UBA5,ARID1B
PLP1,DGKI,MYDGF,EXTL3,MRPS15,MTUS1,UBE2C,ARID2
PPIA,DGKQ,NCEH1,F5,MRPS2,MTUS2,UBE2Z,ARID3B
PRDX2,DISC1,ORMDL2,FAM114A1,MRPS25,MYL12B,USP4,ARID4B
PRKACB,DIXDC1,OS9,FURIN,MRPS28,MYO3A,4931406C07RIK,ATAD2
PRKCG,DNAJC5,P4HA1,FUT7,MRPS31,NAV1,AACS,ATAD2B
PTPRS,DPP10,PDIA5,FUT8,MRPS5,NCOA5,AAGAB,ATF1
RAPGEF2,DRD1,PGAP1,FV1,MRPS9,NEK6,AANAT,ATF7IP
RAPGEF4,DRD2,PIGK,GAL,MT-CO1,NES,AARSD1,ATRIP
RPL12,DRD4,PIGS,GALNT14,MTIF2,NPM3,ABCE1,AURKB
RPL38,DTNBP1,PIGT,GALNT3,MTPAP,OFD1,ABCF1,BACH2
RPL4,DVL1,PIGX,GALNT4,NDUFAF2,PALLD,ABTB1,BCAS2
RPL6,EFNB1,PKD2,GALNT5,NDUFAF4,PARD3,ACKR2,BCL11A
RPL7,EFNB2,POFUT1,GALNT6,NDUFV3,PARD6A,ACOT11,BCL11B
RPL8,EFNB3,POGLUT1,GBA2,NIPSNAP3B,PARVA,ACSS2,BEND3
RPLP0,ELK1,PTDSS1,GBF1,NLN,PAWR,ACVR1B,BMS1
RPS13,EMB,PTPN1,GCC1,NOA1,PDLIM2,ADAM17,BPTF
RPS19,ENTPD1,RCN3,GCC2,OXA1L,PDLIM4,ADAP1,BRIX1
RTN1,ENTPD2,REEP6,GCNT2,PAM16,PDLIM7,ADGRG2,BUB3
SEPT3,EPHA3,SC5D,GCNT3,PARS2,PGM1,ADH1,BUD31
SFXN3,EPHB2,SCD2,GCNT4,PCK2,PIBF1,ADH7,BYSL
SHANK3,EPS15,SDF2L1,GDF15,PDK1,PJA2,ADRM1,CBX1
SNAP91,ERBB4,SEC11A,GGA2,PDPR,PLA2G6,ADSL,CBX2
STX1A,ESR1,SEC62,GGA3,PMPCB,PLEKHA7,AFAP1L2,CCDC86
SYN3,FAM126B,SELENOS,GLCE,PNPT1,PLS1,AGBL5,CDC40
SYNPO,FBXO45,SLC27A2,GM20388,POLDIP2,PLS3,AGO4,CDC5L
TNR,FCHO2,SLC33A1,GOLGA1,PPIF,PPP1R12B,AGRN,CDCA5
TPM3,FGF12,SOAT1,GOLGA3,PPOX,PPP1R18,AHCYL2,CDCA8
TPPP,FKBP1A,SPCS2,GOLGA4,PRDX3,PRC1,AHNAK,CDK2AP1
UBA1,FLRT3,SPTLC1,GOLM1,PTCD1,PRKCQ,AHNAK2,CDKN2AIP
WASF1,FOSL1,SPTLC2,GOPC,PTCD3,PTPN12,AHR,CGGBP1
YWHAH,FXYD6,SQLE,GORAB,PTRH2,PTPN20,AIFM2,CHAF1A
YWHAQ,FZD3,SRPR,GORASP2,PYCR2,RAB11A,AIMP1,CHAF1B
AAK1,GABRA5,SSR4,GOSR1,RDH13,RAB11FIP3,AIMP2,CHD1
ACAT1,GABRA6,STT3A,GPR107,SLC25A20,RAB3IP,AKAP10,CHD1L
ACSL6,GDF7,SUMF2,HID1,SLIRP,RASSF7,AKAP11,CHD7
ACTN2,GGT7,TAPT1,IGF2R,SUPV3L1,RELL1,AKAP13,CIRBP
ACTN4,GHRH,TBL2,IGFBP1,TACO1,RND1,AKR1B10,CPSF1
ACTR1A,GIT2,TM7SF2,IL17RD,TIMM10,S100A8,AKR1C13,CPSF2
ACTR3,GLRA1,TMED10,ILVBL,TIMM13,SASS6,AKR1C18,CPSF6
ADAM23,GM1840,TMEM214,INPPL1,TIMM9,SCLT1,AKR1C3,CREB1
ADD2,GM20708,TMX2,JAKMIP2,TRMT10C,SEPT10,AKR1C6,CSTF1
ADD3,GNG4,TMX3,JAM3,TRMU,SHTN1,AKR1D1,CSTF2
AGK,GNRH1,TOR1AIP2,KDELR1,TRNT1,SKA1,AKT1S1,CSTF2T
ALDOA,GPC4,TUSC3,KLHL20,TXN2,SMG7,AKT2,CSTF3
AMPH,GPER1,TXNDC12,LAPTM4A,UQCC2,SNX10,ALAD,CTR9
AP2A1,GRIK1,UBXN4,LARGE1,VARS2,SPAG9,ALDH1A3,CXXC1
ARC,GRIK3,UFSP2,LRBA,VWA8,SPECC1L,ALDH3A1,DCAF13
ARHGEF2,GRIK4,USE1,LTBR,WARS2,SPRY2,ALDH9A1,DDX21
ATP1A2,GRM4,VMP1,MALRD1,YME1L1,SYCE1L,ALMS1,DDX24
ATP1B1,GRM6,XXYLT1,MAN1A,1110008L16RIK,SYNPO2,ALOX12,DDX27
ATP2A2,GRM8,YIPF5,MANEA,AASS,TAX1BP3,ANAPC16,DDX31
ATP2B2,GSTM1,ZW10,MANEAL,ABHD11,TBCA,ANKRD11,DDX41
ATP6V0D1,GSTM5,AADAC,MGAT1,ACAD10,TCTN1,ANKRD37,DDX42
ATP6V1A,GUCY1B1,ABHD16A,MGAT4A,ACOT13,TMEM45A,ANO6,DDX47
ATP6V1B2,HAP1,AGR3,MGAT5,ACOT2,TMEM63A,ANP32B,DDX50
ATP6V1C1,HCN3,ALDOB,MPPE1,ACSS1,TMEM63B,ANXA3,DDX52
ATP6V1D,HCN4,ALG1,NAA25,ADCK1,TMOD3,ANXA9,DHX15
ATP6V1E1,HNRNPAB,ALG12,NDST1,AFG3L1,TNKS2,AOX1,DHX33
ATP6V1H,HNRNPR,AMFR,NECAB3,AK2,TNNC1,AP5S1,DHX37
BCAN,HORMAD1,ARHGAP5,NLRP2,ALDH18A1,TNNI2,APBB1IP,DHX8
BCR,HPCAL4,ARL6IP1,NMT2,ALDH1L2,TRIOBP,APOB,DKC1
BRSK1,HTR1A,ARV1,NOD2,AMT,TRMT10A,APOLD1,DNAJC17
BSN,HTR1B,ASGR2,NUCB2,ARMCX2,TTC26,ARG1,DNMT3B
CACNA2D1,HTR2A,B3GALT6,OSBPL10,BNIP3L,TTLL6,ARHGAP17,DNTTIP1
CAP2,HTR3A,B3GLCT,OSBPL11,CBR4,TUBA1C,ARHGAP18,DNTTIP2
CASK,HTR7,B3GNT2,OSBPL9,CCDC51,TUBB1,ARHGAP27,DPPA2
CCT2,ICA1,BRI3BP,PAM,CCDC90B,TUBG2,ARHGDIB,DR1
CCT3,ILK,CAST,PCSK5,CHCHD1,USP47,ARHGEF1,EBNA1BP2
CDC42BPB,ITGA2,CCDC115,PDE4DIP,CHCHD2,UXT,ARHGEF10L,EED
CDH2,ITPR3,CCR10,PDXDC1,CHCHD5,VASP,ARHGEF18,EFTUD2
CEND1,KCNA6,CEPT1,PEX5,CLPB,WDR11,ARHGEF5,EHMT1
CHCHD3,KCNC1,CERCAM,PI4KB,CMC2,WDR60,ARID3A,EHMT2
CHMP4B,KCNC2,CERS1,PIDD1,COA3,XIRP1,ARL14EP,EIF4A3
CIT,KCNC3,CERS6,PKMYT1,COA5,NA,ARMC5,ELAVL1
CKAP5,KCNC4,CES1F,PLEKHA3,COA6,NA,ARMT1,EMG1
CKB,KCNH1,CES3A,PLEKHA8,COQ4,NA,ARPC5,EP300
CLU,KCNIP3,CES3B,PLSCR1,COQ7,NA,ASCC3,ERCC3
CNP,KCNJ6,CHID1,POSTN,COQ8A,NA,ASS1,ESF1
CS,KCNJ9,CHP1,PPP2R3C,COQ9,NA,ATG13,EWSR1
CSNK2A1,KCNK2,CLPTM1,PRDM2,COX14,NA,ATG2A,EXOSC10
CTNNB1,KCNK9,CNPY3,PSMG1,COX15,NA,ATPAF2,EXOSC2
CTNND1,KIDINS220,CNPY4,PTCH1,CYP27A1,NA,ATXN2,EXOSC3
CYLD,KIF3C,COL1A2,PTGS1,D10JHU81E,NA,ATXN2L,EXOSC5
DCLK1,LAMP1,CREB3L2,QPCTL,DDX28,NA,ATXN7,EXOSC7
DCLK2,LAMP2,CRELD1,QSOX1,DHTKD1,NA,AURKA,EXOSC9
DCTN1,LAMTOR1,CRELD2,QSOX2,DTYMK,NA,BAALC,FAM76B
DCTN2,LNP,CRTAP,RAB20,EARS2,NA,BAG3,FANCD2
DDX1,LPAR2,CYBC1,RHBDD2,ECI1,NA,BAG4,FANCI
DGKB,LRFN3,CYP20A1,RNF121,ERAL1,NA,BAG6,FCF1
DIP2B,LRRK2,CYP2C29,RNF24,EXOG,NA,BARX2,FTSJ3
DIRAS2,MAL2,CYP2C37,RNPEP,FAM210A,NA,BBS4,FUBP1
DLAT,MCTP1,CYP2C54,RPGR,FARS2,NA,BCAT1,GABPA
DLD,MCTP2,CYP2D10,SCAMP2,FDX1,NA,BCDIN3D,GNL2
DLST,MCTS1,CYP2D11,SCAMP4,FH1,NA,BDH2,GNL3
DMXL2,MICAL1,CYP2D9,SCOC,FUNDC2,NA,BHLHB9,GTF3C1
DNAJC11,MME,CYP2E1,SEC16A,FXN,NA,BHMT,GTF3C4
DNM2,MPP4,CYP2F2,SLA2,GADD45GIP1,NA,BID,GTF3C5
DST,MT3,CYP2S1,SLC16A13,GCSH,NA,BIRC3,GTPBP4
DYNC1LI1,MYLK2,CYP3A13,SLC26A11,GFER,NA,BLM,GZF1
EEF1A1,NCOA2,CYP4A12A,SLC29A3,GLRX5,NA,BLMH,H2AFX
EEF1A2,NCS1,CYP4F14,SLC30A6,GPAM,NA,BORCS5,H2AFZ
EEF1G,NDRG3,CYP4V3,SLC30A7,GRPEL2,NA,BORCS6,HDAC1
EFR3B,NECTIN1,CYP7B1,SLC35A2,GRSF1,NA,BRAP,HELLS
ENO1,NGF,DEGS1,SLC35A3,GSTZ1,NA,BRD7,HIST1H1B
ENO2,NISCH,DERL2,SLC35A5,GTPBP10,NA,BRPF1,HIST1H1E
EPB41L1,NMU,DHCR24,SLC35B2,GTPBP3,NA,BRWD1,HIST1H2BM
EPHA4,NOS1AP,DHRS1,SLC35C1,HARS2,NA,BTF3,HIST2H2AB
FARP1,NPFF,DHRS13,SLC35C2,HMGCL,NA,BUB1B,HIST4H4
FBXO2,NPY,DNAJB9,SLC35D2,ISCA2,NA,CABYR,HLTF
FLOT1,NPY1R,DNAJC16,SLC35E1,ISCU,NA,CAMTA1,HMG20A
FLOT2,NR3C2,DOLPP1,SPP1,MALSU1,NA,CAPNS1,HMGA1
FSCN1,NRXN2,DPAGT1,SPRY1,MARS2,NA,CAPRIN2,HMGB2
GABBR2,NTF3,DPP4,ST3GAL4,MGME1,NA,CAPS,HMGB3
GABRA1,NTF5,DPY19L1,ST6GALNAC4,MGST1,NA,CAR3,HMGN1
GAPDH,NTNG1,EDEM1,ST8SIA3,MICU1,NA,CARS,HMGN2
GFAP,NTNG2,EI24,ST8SIA4,MLYCD,NA,CASP1,HMGN5
GLUD1,NTS,ELOVL2,STEAP4,MPC1,NA,CASP14,HNRNPA0
GNAI2,NTSR1,ELOVL5,TBC1D14,MRPL13,NA,CASP3,HNRNPH2
GNAS,NUFIP1,ELOVL6,TBC1D23,MRPL15,NA,CASP4,HNRNPLL
GNAZ,OPHN1,EMC8,TGOLN2,MRPL20,NA,CASP6,HNRNPUL2
GNB2,OPN1SW,ENTPD5,TJAP1,MRPL23,NA,CASP8,IK
GNB5,OPRD1,EPHB1,TM9SF2,MRPL24,NA,CBL,ILF2
GRIA4,OPRK1,EPHX1,TM9SF3,MRPL27,NA,CBLB,ILKAP
GRIN2D,OPRM1,ERG28,TMBIM4,MRPL3,NA,CCDC113,IMP3
GSK3B,OTOF,ERGIC3,TMED3,MRPL30,NA,CCDC124,IMP4
GSN,OXT,ERLIN1,TMEM130,MRPL39,NA,CCDC43,INTS12
HADHA,P2RX1,ESYT2,TMEM30A,MRPL4,NA,CCDC8,INTS13
HADHB,P2RX2,EXT2,TMEM87A,MRPL43,NA,CCHCR1,INTS14
HAPLN1,P2RX3,FGB,TMEM87B,MRPL50,NA,CCNA2,INTS2
HIP1R,P2RX4,FGFR3,TMF1,MRPL51,NA,CCNB1,INTS4
HK1,P2RY1,FKBP10,TNRC6A,MRPL52,NA,CCNB2,INTS6
HSD17B4,P2RY2,FKBP7,TTR,MRPL55,NA,CCNT2,INTS8
HSPA12A,P2RY4,FKRP,TVP23B,MRPL57,NA,CDAN1,ISY1
HSPA5,PBP2,FLT3,TXNDC15,MRPL58,NA,CDC20,JMJD1C
HSPA8,PCDH17,FMO1,UHMK1,MRPS10,NA,CDC37L1,KAT7
HSPA9,PCDH7,FNDC3B,USP32,MRPS14,NA,CDC42BPG,KDM1A
HSPD1,PDYN,FUT10,USP33,MRPS16,NA,CDCA7,KDM4B
IDH3A,PEF1,G6PC3,VPS54,MRPS17,NA,CDK1,KDM4C
IGSF21,PENK,GDPD1,WDR44,MRPS18B,NA,CDK14,KDM5A
IMMT,PGR,GGCX,WWOX,MRPS21,NA,CDKN2D,KDM5B
KCNA2,PINK1,GIMAP1,XPR1,MRPS24,NA,CDKN3,KDM6A
KIF2A,PLEKHG5,GM20716,YIF1B,MRPS26,NA,CDV3,KHSRP
KIF5B,PLEKHH3,GOSR2,YIPF2,MRPS27,NA,CENPM,KIF20A
LIN7A,PLXNB2,GPAA1,YIPF3,MRPS30,NA,CEP192,KIF22
LRPPRC,PNMT,GPAT4,YIPF4,MRPS34,NA,CEP295,KIF2C
LRRC59,PNOC,GPX7,ZDHHC21,MRPS6,NA,CEP85,KIF4
LRRC7,POLG,GRN,ZDHHC7,MRRF,NA,CEP89,KIN
MAP4,PPFIBP2,H2-K1,ZDHHC9,MTERF3,NA,CERKL,KLF4
MAP6,PPP3CC,H2-Q10,NA,MTFP1,NA,CFAP157,KLF5
MBP,PPT1,HACE1,NA,MTFR1,NA,CFLAR,KMT2B
MDH2,PRKACA,HMOX1,NA,MTG1,NA,CHML,KNOP1
MINK1,PRKN,HSD11B1,NA,NARS2,NA,CHMP2A,KRR1
MYO5A,PRPH,HSD17B2,NA,NAXE,NA,CHMP5,L3MBTL2
NBEA,PRRT2,HSD3B3,NA,NDUFA4L2,NA,CHORDC1,LBR
NCAM2,PRSS12,IFNGR1,NA,NDUFAF7,NA,CIAO2B,LENG8
NDUFA10,PSEN1,IKBIP,NA,NME4,NA,CLIC4,LIG3
NDUFA4,PSEN2,INPP5K,NA,NSUN4,NA,CLNS1A,LRWD1
NDUFS1,PSENEN,IRGM1,NA,NT5DC3,NA,CMIP,LUC7L3
NDUFS3,PSMA2,ITPR2,NA,NUBPL,NA,CNBP,LYAR
NEGR1,PSMA7,JAGN1,NA,OTC,NA,CNEP1R1,MAD1L1
NFASC,PTN,JSRP1,NA,PARL,NA,CNOT6L,MAGOH
NPTN,PTP4A2,KDELC1,NA,PCCB,NA,COMMD5,MAK16
PABPC1,PTPRN,KDELR3,NA,PDK2,NA,COMMD8,MAX
PCLO,RAB26,KRTCAP2,NA,PDP2,NA,COX19,MCRS1
PDE2A,RAB27B,LMAN2L,NA,PISD,NA,CPNE1,MEAF6
PDHA1,RAB2B,LMF1,NA,PITRM1,NA,CPPED1,MED10
PDHB,RAB3D,LMF2,NA,POLRMT,NA,CPTP,MED12
PGAM1,RAPGEF3,LPCAT2,NA,PYCR1,NA,CRABP1,MED15
PPIB,RGS10,LPGAT1,NA,QRSL1,NA,CRABP2,MED27
PPP1CC,RIMS3,MAN1A2,NA,RARS2,NA,CREB3,MED8
PPP1R9B,RIMS4,MAN1B1,NA,RBFA,NA,CRYAA,MGA
PPP2R1A,RNF112,MARCH6,NA,RCC1L,NA,CSNK1A1,MIS18BP1
PRDX1,RNF40,MBOAT2,NA,REXO2,NA,CSNK1G1,MKI67
PRKAR2B,ROR1,MBOAT7,NA,RMND1,NA,CTH,MNT
PRKCE,RTN4R,MBTPS1,NA,SARDH,NA,CTIF,MORF4L1
PTK2B,RUNX3,MINPP1,NA,SARS2,NA,CTSH,MPG
PTPRZ1,S100A1,MMGT1,NA,SCO2,NA,CUEDC2,MPHOSPH6
PURB,S100A13,MOSPD2,NA,SDHAF2,NA,CUL9,MPHOSPH8
RAB10,SCAMP5,MTTP,NA,SDHAF4,NA,CUTC,MRTO4
RAB14,SCN10A,NAT8,NA,SLC25A15,NA,CYTIP,MTA3
RALA,SCN11A,NAT8F2,NA,SLC25A16,NA,DCP1B,MUM1
RAP1A,SCN1A,NUCB1,NA,SLC25A25,NA,DDHD2,MYBBP1A
RHOG,SCN2A,NUS1,NA,SLC25A42,NA,DDI2,MYBL2
RPL14,SCN2A1,ODR4,NA,SPRYD4,NA,DDIT4,MYEF2
RPL24,SCN8A,ORMDL1,NA,TARS2,NA,DDO,MYSM1
RPL30,SEMA4C,ORMDL3,NA,TEFM,NA,DDX20,NAA40
RPL5,SEPT1,OSBP,NA,TFB1M,NA,DDX3Y,NACC1
RPL7A,SERTAD4,OSBPL5,NA,TIMM17A,NA,DDX58,NCBP2
RPN1,SH3GLB1,P3H1,NA,TIMM17B,NA,DDX60,NCBP3
RPS14,SHH,P4HA2,NA,TIMM23,NA,DENND1A,NCOR1
RPS18,SLC10A4,PCYOX1,NA,TIMM29,NA,DENND1B,NFIX
RPS25,SLC17A6,PCYOX1L,NA,TIMM8A1,NA,DENND2D,NFYB
RPS3,SLC17A8,PDE3B,NA,TIMM8B,NA,DERA,NFYC
RPS8,SLC18A1,PDIA4,NA,TIMMDC1,NA,DFFA,NHP2
RTN4,SLC18A2,PGRMC2,NA,TOMM5,NA,DGKD,NIFK
RYR2,SLC18A3,PIGB,NA,TOMM6,NA,DHX36,NIP7
SEPT11,SLC1A6,PIGQ,NA,TRIAP1,NA,DIS3,NKRF
SEPT5,SLC1A7,PIGU,NA,UQCC1,NA,DIS3L,NOC2L
SLC1A2,SLC24A4,PLA2G12A,NA,1700021F05RIK,NA,DLEC1,NOC4L
SLC25A11,SLC29A1,PLOD1,NA,2410015M20RIK,NA,DMPK,NOL10
SLC25A12,SLC2A4,PLOD2,NA,AADAT,NA,DNAAF1,NOL6
SLC25A4,SLC2A8,PLOD3,NA,ABCB10,NA,DNAAF2,NOL7
SLC25A5,SLC30A3,POFUT2,NA,ACAA1A,NA,DNAJA4,NOL8
SND1,SLC32A1,PTDSS2,NA,ACAA1B,NA,DNAJC2,NOLC1
SORBS2,SLC38A3,PTGS2,NA,ACADL,NA,DNPEP,NOM1
SPTAN1,SLC40A1,RCE1,NA,ACO1,NA,DOCK10,NONO
SRC,SLC4A7,RDH7,NA,ACOT1,NA,DOCK6,NOP14
STRN,SLC5A7,RHBDD1,NA,ACOX1,NA,DOHH,NOP16
STX1B,SLC6A11,RNF185,NA,ACP6,NA,DOK1,NOP2
STXBP1,SLC6A17,RNF5,NA,ACSF3,NA,DPP8,NOP58
SYN1,SLC6A2,RPL10L,NA,ACSM1,NA,DPP9,NR2C1
SYNE1,SLC6A3,RPL21,NA,ACSS3,NA,DPYS,NR2C2
SYNGR3,SLC6A4,RPS23,NA,AGXT,NA,DRG1,NR2F1
SYNJ1,SLC6A5,RPS29,NA,AIM2,NA,DTX1,NRF1
SYP,SLC7A14,RSAD2,NA,AKR7A5,NA,DTX3L,NSA2
SYT1,SLC8A1,SAMD8,NA,ALAS1,NA,DUS2,NSD1
TCP1,SLC9B2,SAR1B,NA,AMACR,NA,DUSP15,NUDT21
TRIO,SNAPIN,SARAF,NA,ARG2,NA,DUSP8,NUMA1
UQCRC1,SNCB,SCAP,NA,ARMCX1,NA,DXO,NUP107
UQCRC2,SNCG,SCARA3,NA,ATPAF1,NA,DYX1C1,NUP133
VCP,SPHK1,SCFD2,NA,AURKAIP1,NA,DZIP1,NUP153
VPS35,STON2,SDF2,NA,BAD,NA,ECD,NUP155
WDR37,STX11,SDF4,NA,BAK1,NA,EDF1,NUP214
WDR7,STX16,SEC11C,NA,BAX,NA,EEF1E1,NUP35
AARS,STX19,SEC16B,NA,BCAT2,NA,EGLN1,NUP37
ABCB8,STX2,SEL1L,NA,BCKDHA,NA,EGLN3,NUP50
ABCD3,STX3,SELENOK,NA,BCS1L,NA,EHBP1,NUP85
ACLY,STX4A,SELENON,NA,BOLA1,NA,EIF2A,NUP88
ACO2,STX6,SERP1,NA,BOLA3,NA,EIF2AK4,NUP93
ACSL3,STX8,SERP2,NA,CARD19,NA,EIF2B5,NVL
ACTB,SV2C,SERPINA1D,NA,CARS2,NA,EIF2D,NXF1
ACTR2,SVOP,SERPINA1E,NA,CASP9,NA,EIF2S3X,NXT1
AFG3L2,SYAP1,SIGMAR1,NA,CCM2,NA,EIF2S3Y,ORC1
AHCYL1,SYNGR2,SIL1,NA,CCR7,NA,EIF3D,ORC2
AKAP5,SYNGR4,SLC27A3,NA,CHCHD10,NA,EIF3H,ORC3
ALDH6A1,SYNJ2,SLC35B1,NA,CHDH,NA,EIF3K,ORC4
ALDOC,SYPL,SLMAP,NA,CIAPIN1,NA,EIF3M,ORC5
ANK3,SYPL2,SMPD2,NA,CISD3,NA,EIF4B,PAK6
ANXA11,SYT11,SPAST,NA,CKMT1,NA,EIF4EBP1,PARP2
ANXA6,SYT4,SPCS1,NA,CLYBL,NA,EIF4G2,PAXIP1
AP1B1,SYT8,SPCS3,NA,CMC4,NA,EIF5,PBRM1
AP2A2,SYT9,SSR3,NA,CMPK2,NA,ELMOD1,PCF11
AP2B1,TANC1,STC2,NA,COQ5,NA,ELP5,PCID2
AP2M1,TCEB1,STT3B,NA,COQ8B,NA,ELP6,PDS5B
AP2S1,TH,STX18,NA,COX10,NA,EPB41L4B,PELP1
AP3B2,TM9SF4,SURF4,NA,COX11,NA,EPS8L1,PES1
ARF1,TMED9,TAP1,NA,COX16,NA,EPS8L2,PHC2
ARF3,TMEM163,TAP2,NA,COX6A1,NA,ERCC6L2,PHF2
ARF5,TMEM222,TEX2,NA,COX7C,NA,ERRFI1,PHF5A
ARFGEF2,TMEM230,TMED1,NA,CPS1,NA,ESD,PHF8
ARHGAP1,TNN,TMED2,NA,CREBZF,NA,ETNK1,PIAS4
ARHGEF9,TOR1A,TMED4,NA,CTSA,NA,EYA2,PLRG1
ARPC2,TPRGL,TMED5,NA,CWC15,NA,FADD,PNKP
ARPC3,TRAPPC4,TMEM109,NA,CYP24A1,NA,FAM120A,PNO1
ARPC4,TRPM7,TMEM131L,NA,D2HGDH,NA,FAM126A,POGZ
ATAD3A,TRPV2,TMEM132A,NA,DCAF5,NA,FAM129A,POLDIP3
ATL1,TSPOAP1,TMEM147,NA,DGUOK,NA,FAM129B,POLR2G
ATP1A3,TTYH3,TMEM14A,NA,DHFR,NA,FAM185A,POLR2I
ATP2B1,TULP1,TMEM189,NA,DMGDH,NA,FAM231C,POM121
ATP2B4,UCN,TMEM199,NA,DNA2,NA,FAM83G,POU3F3
ATP5A1,UCN3,TMEM205,NA,DNAJC15,NA,FANCG,POU5F1
ATP5B,UNC13B,TMEM259,NA,DNLZ,NA,FAS,PPIE
ATP5C1,UNC13C,TMEM38B,NA,ECHDC2,NA,FAU,PPIG
ATP6V0A1,USH2A,TMEM41B,NA,ECHDC3,NA,FBP1,PPIL2
BCAS1,VAMP1,TMEM43,NA,ECSIT,NA,FBXL18,PPP1R8
BIN1,VAMP4,TOR1B,NA,ELAC2,NA,FBXO32,PPWD1
CACYBP,VBP1,TOR3A,NA,ENY2,NA,FBXW8,PQBP1
CAMKV,VPS33B,TRAPPC2,NA,EXD2,NA,FER,PRPF19
CAND1,VTI1A,TRAPPC6B,NA,FAHD2A,NA,FGF13,PRPF3
CAPZB,ZFP804A,TRIM59,NA,FAM110B,NA,FHL1,PRPF38A
CCT4,NA,TRP53I11,NA,FASTK,NA,FLAD1,PRPF4
CCT5,NA,TYW1,NA,FASTKD3,NA,FLCN,PRPF40A
CCT6A,NA,UBAC2,NA,FASTKD5,NA,FNTA,PRPF4B
CCT7,NA,UBE2G2,NA,FDX1L,NA,FOXO1,PRPF6
CCT8,NA,UBE2J1,NA,GATC,NA,FRAT1,PSMC3IP
CDH13,NA,UBXN8,NA,GATM,NA,FRK,PTBP2
CHCHD6,NA,UFM1,NA,GFM2,NA,G3BP1,RAVER1
CISD1,NA,UTP15,NA,GHITM,NA,GART,RBBP4
CKAP4,NA,VKORC1,NA,GLS2,NA,GCK,RBBP5
CLIP2,NA,VKORC1L1,NA,GLYAT,NA,GCKR,RBBP6
CLTB,NA,VMA21,NA,GM20498,NA,GEMIN4,RBBP7
CNKSR2,NA,VRK2,NA,GM21987,NA,GEMIN5,RBFOX2
CNTN2,NA,VTN,NA,GM9803,NA,GEMIN7,RBM14
CNTNAP2,NA,WDR83OS,NA,GPAT2,NA,GEMIN8,RBM15B
COX5A,NA,WLS,NA,GSDMC,NA,GET4,RBM17
COX6C,NA,WRB,NA,GSR,NA,GHR,RBM19
CPT1A,NA,YIF1A,NA,GTPBP8,NA,GIGYF2,RBM22
CRMP1,NA,ZDHHC13,NA,HAUS3,NA,GLI1,RBM25
CRYM,NA,ZDHHC24,NA,HDHD5,NA,GLRX,RBM27
CSNK1D,NA,ZDHHC3,NA,HIGD2A,NA,GLRX3,RBM28
CTBP1,NA,ZDHHC6,NA,HK2,NA,GLT1D1,RBM3
CTNNA2,NA,ZMPSTE24,NA,HKDC1,NA,GLTP,RBM42
CTNND2,NA,NA,NA,HMGCS2,NA,GLYCTK,RBM7
CYCS,NA,NA,NA,HOGA1,NA,GM4737,RBMX
DAB2IP,NA,NA,NA,HOXB9,NA,GMFB,RBMX2
DBN1,NA,NA,NA,HPDL,NA,GMPPB,RBMXL1
DBNL,NA,NA,NA,HSCB,NA,GMPS,RBPJ
DDOST,NA,NA,NA,HSD3B4,NA,GOLPH3L,RBPMS
DDX3X,NA,NA,NA,IBA57,NA,GPBP1,RCL1
DECR1,NA,NA,NA,IDH1,NA,GPD1,RCOR2
DHX30,NA,NA,NA,IFIT3,NA,GPR63,REXO4
DNAJA1,NA,NA,NA,ILF3,NA,GPRASP1,RFC2
DNAJA2,NA,NA,NA,IMMP2L,NA,GPSM2,RFC3
DNAJA3,NA,NA,NA,ISCA1,NA,GSPT1,RFC4
DNAJB6,NA,NA,NA,ISOC2A,NA,GSTA1,RFX1
DPP6,NA,NA,NA,ISOC2B,NA,GSTA2,RMI1
DYNC1I1,NA,NA,NA,JARID2,NA,GSTA4,RNPS1
DYNC1I2,NA,NA,NA,KEG1,NA,GSTM7,RPF2
DYNC1LI2,NA,NA,NA,KYAT3,NA,GSTT1,RPL7L1
DYNLL2,NA,NA,NA,LACTB2,NA,GSTT2,RPP25
EEF2,NA,NA,NA,LETMD1,NA,GTPBP1,RRP12
EHD3,NA,NA,NA,LIAS,NA,HAAO,RRP1B
EIF4A2,NA,NA,NA,LIPT1,NA,HARBI1,RRP7A
ENPP6,NA,NA,NA,LIPT2,NA,HAUS1,RRP8
EPB41L2,NA,NA,NA,LRRK1,NA,HCLS1,RRS1
EPRS,NA,NA,NA,LYRM4,NA,HDAC4,RSF1
EPS15L1,NA,NA,NA,MACC1,NA,HDAC7,RSL24D1
EXOC1,NA,NA,NA,MAIP1,NA,HERC3,RXRB
EXOC2,NA,NA,NA,MARC1,NA,HERC4,RYBP
EXOC3,NA,NA,NA,MCEE,NA,HERC6,SAFB
EXOC5,NA,NA,NA,MCL1,NA,HIC1,SAFB2
EXOC6B,NA,NA,NA,MCUR1,NA,HIF3A,SALL4
EXOC7,NA,NA,NA,METTL17,NA,HIPK1,SAP30
EXOC8,NA,NA,NA,MGARP,NA,HIPK3,SARNP
EZR,NA,NA,NA,MIEF1,NA,HLCS,SART1
FAM81A,NA,NA,NA,MIGA1,NA,HNRNPD,SATB2
FARSA,NA,NA,NA,MMAA,NA,HNRNPF,SCAF1
FARSB,NA,NA,NA,MMAB,NA,HOOK2,SCAF11
FASN,NA,NA,NA,MPV17,NA,HPRT,SCAF8
FXR2,NA,NA,NA,MRM1,NA,HSD17B1,SENP3
G3BP2,NA,NA,NA,MRM3,NA,HSPB8,SETD1A
GABARAPL2,NA,NA,NA,MRPL16,NA,HTATIP2,SETD2
GABBR1,NA,NA,NA,MRPL17,NA,HYLS1,SETX
GDI1,NA,NA,NA,MRPL18,NA,IFI30,SF3A1
GDI2,NA,NA,NA,MRPL32,NA,IFIT1,SF3A3
GIPC1,NA,NA,NA,MRPL33,NA,IFT122,SF3B3
GIT1,NA,NA,NA,MRPL34,NA,IGF2BP1,SF3B4
GJA1,NA,NA,NA,MRPL35,NA,IGF2BP2,SF3B5
GNA11,NA,NA,NA,MRPL36,NA,IGF2BP3,SF3B6
GNA13,NA,NA,NA,MRPL42,NA,IKBKB,SGF29
GNAI1,NA,NA,NA,MRPL48,NA,IKBKG,SLU7
GNAQ,NA,NA,NA,MRPL49,NA,IL16,SMARCA1
GNG3,NA,NA,NA,MRPL53,NA,IMPDH1,SMARCAD1
GNG7,NA,NA,NA,MRPS11,NA,INMT,SMARCB1
GPD2,NA,NA,NA,MRPS33,NA,INPP5B,SMARCC1
GPHN,NA,NA,NA,MRPS35,NA,INPP5D,SMARCC2
GPM6A,NA,NA,NA,MSRA,NA,IPO9,SMARCD3
GRM2,NA,NA,NA,MT-CO3,NA,IRAK1,SMC1A
HNRNPA1,NA,NA,NA,MT-CYTB,NA,IRF3,SMC3
HNRNPK,NA,NA,NA,MT-ND1,NA,IRF6,SMC5
HNRNPM,NA,NA,NA,MT-ND2,NA,IRF9,SMNDC1
HOMER2,NA,NA,NA,MT-ND3,NA,IRS1,SNRNP40
HPCA,NA,NA,NA,MT-ND4L,NA,IRS2,SNRNP70
HSD17B12,NA,NA,NA,MTERF1A,NA,ITGAV,SNRPA
HSP90AA1,NA,NA,NA,MTERF4,NA,ITGB1BP1,SNRPA1
HSP90AB1,NA,NA,NA,MTHFD2,NA,IVNS1ABP,SNRPB2
HSPA2,NA,NA,NA,MTHFD2L,NA,KANSL2,SNRPC
HSPH1,NA,NA,NA,MTIF3,NA,KATNB1,SNRPD3
HTT,NA,NA,NA,MUL1,NA,KAZN,SNRPG
ICAM5,NA,NA,NA,MUT,NA,KCMF1,SPEN
IQSEC3,NA,NA,NA,NACC2,NA,KCNS3,SRFBP1
ITSN1,NA,NA,NA,NADK2,NA,KIF11,SRSF1
JUP,NA,NA,NA,NAGS,NA,KIF14,SRSF9
KBTBD11,NA,NA,NA,NAT8L,NA,KLHDC1,SS18
LANCL2,NA,NA,NA,NDUFA1,NA,KLHDC8B,STAG2
LASP1,NA,NA,NA,NDUFA3,NA,KLHL14,SUMO1
LETM1,NA,NA,NA,NDUFAF1,NA,KLHL41,SUN1
LRRC47,NA,NA,NA,NDUFAF3,NA,KPNA6,SUN2
LY6H,NA,NA,NA,NDUFAF5,NA,KRT18,SURF6
MAGI2,NA,NA,NA,NDUFAF6,NA,KRT20,SYF2
MAOA,NA,NA,NA,NDUFC1,NA,KXD1,TAF4
MAOB,NA,NA,NA,NDUFS4,NA,KYAT1,TAF6
MAPK3,NA,NA,NA,NFS1,NA,LAMTOR5,TBL3
MAPK8IP3,NA,NA,NA,NGDN,NA,LARP4,TBP
MAPRE2,NA,NA,NA,NGRN,NA,LARP4B,TCF12
MAPRE3,NA,NA,NA,NIF3L1,NA,LARP7,TCOF1
MLF2,NA,NA,NA,NIT1,NA,LARS,TERF1
MPP6,NA,NA,NA,NIT2,NA,LAX1,TET1
MT-CO2,NA,NA,NA,NLRX1,NA,LCMT1,TFCP2L1
MTCH1,NA,NA,NA,NMNAT3,NA,LHPP,THOC1
MTCH2,NA,NA,NA,NT5C3,NA,LIF,THOC2
MYH9,NA,NA,NA,NUDT2,NA,LIMK1,THOC6
MYL6,NA,NA,NA,NUDT9,NA,LLGL2,THRAP3
MYO18A,NA,NA,NA,OMA1,NA,LMLN,THYN1
MYO6,NA,NA,NA,OPA3,NA,LMOD1,TIAL1
NAPA,NA,NA,NA,OSGEPL1,NA,LPIN2,TLK1
NAPB,NA,NA,NA,OXNAD1,NA,LPP,TOPBP1
NAPG,NA,NA,NA,OXSM,NA,LRCH3,TOX4
NCAN,NA,NA,NA,PACS2,NA,LRRC1,TPR
NCKIPSD,NA,NA,NA,PDE12,NA,LRRC45,TRA2B
NDUFA5,NA,NA,NA,PDF,NA,LRRFIP1,TRIM24
NDUFA7,NA,NA,NA,PDHA2,NA,LSMEM1,TRRAP
NDUFA9,NA,NA,NA,PDP1,NA,LTN1,TWISTNB
NDUFB10,NA,NA,NA,PET117,NA,LTV1,U2AF1
NDUFS2,NA,NA,NA,PGS1,NA,LYPLA1,U2AF2
NDUFS7,NA,NA,NA,PHYKPL,NA,LYPLAL1,UBQLN4
NDUFV1,NA,NA,NA,PLGRKT,NA,LZTS2,USF1
NDUFV2,NA,NA,NA,PNKD,NA,MAD2L2,USP36
NF1,NA,NA,NA,POLG2,NA,MAGED2,USP39
NIPSNAP1,NA,NA,NA,PPM1K,NA,MAP1S,UTP18
NLGN2,NA,NA,NA,PRELID1,NA,MAP2K3,UTP23
NME1,NA,NA,NA,PTCD2,NA,MAP2K6,UTP3
NPTX1,NA,NA,NA,PTPMT1,NA,MAP2K7,UTP6
NTRK2,NA,NA,NA,PUS1,NA,MAP3K14,VEZF1
NUMBL,NA,NA,NA,QTRT1,NA,MAP3K2,VIRMA
OGDH,NA,NA,NA,RAD51,NA,MAP3K5,VRK1
OMG,NA,NA,NA,RAD51C,NA,MAP3K8,VRK3
OPA1,NA,NA,NA,RMDN1,NA,MAPK6,WAPL
OXCT1,NA,NA,NA,RPS6KA6,NA,MAPKAPK5,WBP11
PACS1,NA,NA,NA,RPUSD3,NA,MARCH7,WDR18
PACSIN1,NA,NA,NA,RPUSD4,NA,MAT1A,WDR33
PAK1,NA,NA,NA,RTN4IP1,NA,MBIP,WDR36
PCBP1,NA,NA,NA,SARM1,NA,MCM3AP,WDR43
PCBP2,NA,NA,NA,SCO1,NA,MCOLN1,WDR46
PDIA3,NA,NA,NA,SCP2,NA,MDN1,WDR74
PDXK,NA,NA,NA,SDHAF1,NA,MEA1,WDR75
PFKL,NA,NA,NA,SDHAF3,NA,METAP2,WDR82
PFKM,NA,NA,NA,SDHC,NA,MEX3A,XAB2
PFKP,NA,NA,NA,SDHD,NA,MEX3B,XRN2
PHB,NA,NA,NA,SFXN2,NA,MGLL,YEATS4
PHGDH,NA,NA,NA,SLC11A2,NA,MIEN1,YY1
PIN1,NA,NA,NA,SLC25A14,NA,MIF4GD,ZC3H13
PIP4K2B,NA,NA,NA,SLC25A19,NA,MIS18A,ZC3H14
PIP5K1C,NA,NA,NA,SLC25A24,NA,MKLN1,ZC3H18
PKP4,NA,NA,NA,SLC25A26,NA,MLLT11,ZC3H8
PPFIA3,NA,NA,NA,SLC25A27,NA,MMP14,ZFP280C
PPP1CB,NA,NA,NA,SLC25A32,NA,MMS19,ZFP512
PPP1R7,NA,NA,NA,SLC25A34,NA,MOB1A,ZFP532
PPP1R9A,NA,NA,NA,SLC25A35,NA,MOB1B,ZFP629
PPP2CA,NA,NA,NA,SLC25A36,NA,MOCS2,ZFR
PPP3CB,NA,NA,NA,SLC25A44,NA,MOV10,ZMAT2
PRDX5,NA,NA,NA,SLC25A51,NA,MTHFS,ZMYM2
PRKAR1A,NA,NA,NA,SLC44A1,NA,MTR,ZMYND8
PRKCA,NA,NA,NA,SMDT1,NA,MVD,ZSCAN26
PRRT1,NA,NA,NA,SMIM4,NA,MYD88,A1CF
PSD,NA,NA,NA,SOX4,NA,MYO10,AAAS
PSD3,NA,NA,NA,SPATA7,NA,MYO19,AATF
PYGB,NA,NA,NA,SPG7,NA,MYO7A,ABCA6
QDPR,NA,NA,NA,STARD7,NA,MYO9B,ABHD14B
RAB11FIP5,NA,NA,NA,SUOX,NA,NAA10,ABL1
RAB1A,NA,NA,NA,SURF1,NA,NAA15,ABT1
RAB3C,NA,NA,NA,TBC1D15,NA,NAA16,ABTB2
RAB5C,NA,NA,NA,TCIRG1,NA,NAA20,ACD
RAB6A,NA,NA,NA,TDH,NA,NAA30,ACIN1
RARS,NA,NA,NA,TDRKH,NA,NADSYN1,ACTL6B
RASAL1,NA,NA,NA,TFAP4,NA,NAPEPLD,ACTRT3
RGS7,NA,NA,NA,TFB2M,NA,NARFL,ADAMTS4
RHOB,NA,NA,NA,THNSL1,NA,NAT2,ADAR
RHOT1,NA,NA,NA,TIMM10B,NA,NCAPD2,ADARB1
ROCK2,NA,NA,NA,TIMM22,NA,NCAPH,ADI1
RPL11,NA,NA,NA,TMEM126B,NA,NCBP1,ADK
RPL13,NA,NA,NA,TMEM160,NA,NCF2,ADNP2
RPL18A,NA,NA,NA,TMEM186,NA,NCF4,ADPRHL2
RPL23,NA,NA,NA,TMEM223,NA,NDN,AEBP2
RPL23A,NA,NA,NA,TMEM70,NA,NDOR1,AEN
RPL3,NA,NA,NA,TMEM71,NA,NEDD4,AES
RPL35,NA,NA,NA,TMLHE,NA,NEDD9,AFF1
RPL9,NA,NA,NA,TOMM40L,NA,NFATC2,AFF3
RPN2,NA,NA,NA,TOP1MT,NA,NFATC3,AGO2
RPS11,NA,NA,NA,TSPO,NA,NFATC4,AGTPBP1
RPS16,NA,NA,NA,TTC19,NA,NFKB2,AHDC1
RPS3A,NA,NA,NA,TWNK,NA,NFKBIA,AHRR
RPS5,NA,NA,NA,UCHL5,NA,NFKBIB,AK6
RTN3,NA,NA,NA,UQCR11,NA,NFX1,AK9
RUFY3,NA,NA,NA,USP30,NA,NINL,AKAP8L
SAMM50,NA,NA,NA,XAF1,NA,NKTR,AKIP1
SBF1,NA,NA,NA,XPNPEP3,NA,NLRC3,AKIRIN1
SCCPDH,NA,NA,NA,YJEFN3,NA,NMBR,AKIRIN2
SDCBP,NA,NA,NA,YRDC,NA,NMI,AKNA
SEC22B,NA,NA,NA,NA,NA,NMT1,AKT1
SEC23A,NA,NA,NA,NA,NA,NOTCH3,ALG14
SEPT2,NA,NA,NA,NA,NA,NPLOC4,ALKBH2
SEPT6,NA,NA,NA,NA,NA,NQO2,ALKBH3
SEPT7,NA,NA,NA,NA,NA,NR3C1,ALKBH6
SEPT8,NA,NA,NA,NA,NA,NR4A1,ALKBH8
SEPT9,NA,NA,NA,NA,NA,NRBP1,ALOX5
SFN,NA,NA,NA,NA,NA,NUBP2,ALPK3
SFXN5,NA,NA,NA,NA,NA,NUDCD3,ALX1
SGIP1,NA,NA,NA,NA,NA,NUDT1,ALX4
SH3GL2,NA,NA,NA,NA,NA,NUDT10,AMER1
SLC12A5,NA,NA,NA,NA,NA,NUDT11,ANAPC10
SLC17A7,NA,NA,NA,NA,NA,NUDT17,ANAPC11
SLC1A3,NA,NA,NA,NA,NA,NUTF2,ANAPC15
SLC25A13,NA,NA,NA,NA,NA,NXT2,ANAPC2
SLC25A3,NA,NA,NA,NA,NA,OAS2,ANAPC5
SLC27A4,NA,NA,NA,NA,NA,OAS3,ANAPC7
SLC4A4,NA,NA,NA,NA,NA,OBSCN,ANGEL1
SLK,NA,NA,NA,NA,NA,ODC1,ANGEL2
SNAP25,NA,NA,NA,NA,NA,OPLAH,ANKLE1
SNTA1,NA,NA,NA,NA,NA,OPTN,ANKRD1
SNX27,NA,NA,NA,NA,NA,ORAI1,ANKRD12
SORBS1,NA,NA,NA,NA,NA,OSBP2,ANKRD17
SPTBN2,NA,NA,NA,NA,NA,OSBPL1A,ANKRD23
STOML2,NA,NA,NA,NA,NA,OSBPL2,ANKRD42
STRN4,NA,NA,NA,NA,NA,OSBPL3,ANKRD49
STUB1,NA,NA,NA,NA,NA,OSTF1,ANKRD7
STX12,NA,NA,NA,NA,NA,OSTM1,ANLN
STXBP5,NA,NA,NA,NA,NA,OXSR1,ANP32A
SUCLA2,NA,NA,NA,NA,NA,P2RX5,ANP32E
SUCLG1,NA,NA,NA,NA,NA,PABPC1L,AP5Z1
SV2A,NA,NA,NA,NA,NA,PABPC4,APAF1
SYN2,NA,NA,NA,NA,NA,PACSIN3,APEX2
SYT5,NA,NA,NA,NA,NA,PADI1,APLF
SYT7,NA,NA,NA,NA,NA,PAFAH1B3,APTX
TAGLN3,NA,NA,NA,NA,NA,PAK2,ARAP1
TFAM,NA,NA,NA,NA,NA,PANK2,ARGLU1
TJP2,NA,NA,NA,NA,NA,PARD6B,ARHGAP22
TKT,NA,NA,NA,NA,NA,PARM1,ARID4A
TLN2,NA,NA,NA,NA,NA,PARP14,ARID5A
TOMM70A,NA,NA,NA,NA,NA,PARP4,ARID5B
TPI1,NA,NA,NA,NA,NA,PARP9,ARIH2
TPM1,NA,NA,NA,NA,NA,PASK,ARL2
TRIM3,NA,NA,NA,NA,NA,PBK,ARL4A
TTC7B,NA,NA,NA,NA,NA,PCBP4,ARMC8
TUBB2A,NA,NA,NA,NA,NA,PCK1,ARMCX3
TXNL1,NA,NA,NA,NA,NA,PDAP1,ARNT
UBE2N,NA,NA,NA,NA,NA,PDE3A,ARNTL
UBR4,NA,NA,NA,NA,NA,PDE5A,ARNTL2
UCHL1,NA,NA,NA,NA,NA,PDGFC,ASCC1
UNC13A,NA,NA,NA,NA,NA,PDSS2,ASF1A
UPF1,NA,NA,NA,NA,NA,PDZRN3,ASF1B
VAMP2,NA,NA,NA,NA,NA,PEG10,ASH2L
VAPA,NA,NA,NA,NA,NA,PER1,ASPSCR1
VAPB,NA,NA,NA,NA,NA,PFDN2,ASXL1
VCAN,NA,NA,NA,NA,NA,PGM3,ASXL2
VDAC1,NA,NA,NA,NA,NA,PGPEP1,ATAD5
VDAC3,NA,NA,NA,NA,NA,PHKG2,ATE1
VIM,NA,NA,NA,NA,NA,PHLDB2,ATF2
VPS16,NA,NA,NA,NA,NA,PIGN,ATF3
VPS33A,NA,NA,NA,NA,NA,PIK3AP1,ATF5
VPS45,NA,NA,NA,NA,NA,PIK3R1,ATF6B
VPS4A,NA,NA,NA,NA,NA,PIK3R5,ATF7
VSNL1,NA,NA,NA,NA,NA,PIM1,ATG16L2
WDR1,NA,NA,NA,NA,NA,PIM3,ATMIN
WDR47,NA,NA,NA,NA,NA,PIP5K1A,ATN1
XPO1,NA,NA,NA,NA,NA,PIP5KL1,ATOH8
ABI2,NA,NA,NA,NA,NA,PIR,ATR
ABLIM2,NA,NA,NA,NA,NA,PKLR,ATXN1
ACACA,NA,NA,NA,NA,NA,PLA2G1B,ATXN1L
ACOT7,NA,NA,NA,NA,NA,PLA2G4A,ATXN3
ACTN1,NA,NA,NA,NA,NA,PLCB2,ATXN7L3
ADRBK1,NA,NA,NA,NA,NA,PLCD4,AUTS2
AHSA1,NA,NA,NA,NA,NA,PLCE1,AXIN1
AIFM1,NA,NA,NA,NA,NA,PLCG2,BABAM1
AIFM3,NA,NA,NA,NA,NA,PLEKHA5,BACH1
AK1,NA,NA,NA,NA,NA,PLIN3,BAG1
AK3,NA,NA,NA,NA,NA,PLIN4,BAHD1
AKAP12,NA,NA,NA,NA,NA,PLK4,BANF1
AKR1A1,NA,NA,NA,NA,NA,PNPO,BANP
ALDH1L1,NA,NA,NA,NA,NA,POLR1B,BAP1
ALDH3A2,NA,NA,NA,NA,NA,PPFIA1,BARD1
ALDH5A1,NA,NA,NA,NA,NA,PPIP5K1,BARX1
ANK1,NA,NA,NA,NA,NA,PPP1R13L,BATF
ANXA1,NA,NA,NA,NA,NA,PPP2R1B,BATF2
ANXA2,NA,NA,NA,NA,NA,PPP2R2B,BAZ1A
ANXA5,NA,NA,NA,NA,NA,PPP2R2C,BAZ2A
ANXA7,NA,NA,NA,NA,NA,PPP2R2D,BBX
AP1G1,NA,NA,NA,NA,NA,PPP2R5A,BC005624
AP3D1,NA,NA,NA,NA,NA,PPP2R5C,BCAS3
AP3M2,NA,NA,NA,NA,NA,PPP4R4,BCCIP
APPL1,NA,NA,NA,NA,NA,PPP6R1,BCL10
ARHGAP23,NA,NA,NA,NA,NA,PPP6R2,BCL2
ARHGDIA,NA,NA,NA,NA,NA,PPP6R3,BCL3
ARHGEF7,NA,NA,NA,NA,NA,PRF1,BCL6
ARMC10,NA,NA,NA,NA,NA,PRKCH,BCL7B
ARVCF,NA,NA,NA,NA,NA,PRKCI,BCL9
ATAD1,NA,NA,NA,NA,NA,PRKCZ,BCL9L
ATIC,NA,NA,NA,NA,NA,PRKD3,BCLAF1
ATL2,NA,NA,NA,NA,NA,PRKG1,BCOR
ATP13A1,NA,NA,NA,NA,NA,PRMT2,BCORL1
ATP1B2,NA,NA,NA,NA,NA,PRRC2C,BEND6
ATP2B3,NA,NA,NA,NA,NA,PRUNE1,BEX4
ATP5F1,NA,NA,NA,NA,NA,PSAPL1,BHLHA15
ATP5H,NA,NA,NA,NA,NA,PSMA5,BHLHE40
ATP5J2,NA,NA,NA,NA,NA,PSMB7,BHLHE41
ATP5L,NA,NA,NA,NA,NA,PSMB9,BICRAL
ATP5O,NA,NA,NA,NA,NA,PSMC2,BIRC2
ATP6V1G2,NA,NA,NA,NA,NA,PSMC5,BIRC7
ATP8A1,NA,NA,NA,NA,NA,PSMD10,BIVM
BCKDK,NA,NA,NA,NA,NA,PSMF1,BMI1
BEGAIN,NA,NA,NA,NA,NA,PSRC1,BMP2K
BTBD17,NA,NA,NA,NA,NA,PTHLH,BMPR2
C1QBP,NA,NA,NA,NA,NA,PTK6,BNC1
CA4,NA,NA,NA,NA,NA,PTPRR,BNC2
CACNB1,NA,NA,NA,NA,NA,PTTG1,BOC
CACNB3,NA,NA,NA,NA,NA,PUM1,BOD1L
CACNG3,NA,NA,NA,NA,NA,PUM2,BRAT1
CADPS,NA,NA,NA,NA,NA,PXK,BRCA1
CAMKK1,NA,NA,NA,NA,NA,PYCARD,BRCA2
CAMKK2,NA,NA,NA,NA,NA,PYM1,BRCC3
CAP1,NA,NA,NA,NA,NA,RAB23,BRD1
CAPN1,NA,NA,NA,NA,NA,RABEP2,BRD8
CAPN5,NA,NA,NA,NA,NA,RABGEF1,BRD9
CAPZA1,NA,NA,NA,NA,NA,RAD23B,BRF1
CBR1,NA,NA,NA,NA,NA,RALGAPA2,BRF2
CCNY,NA,NA,NA,NA,NA,RAP1GAP2,BRIP1
CDC42,NA,NA,NA,NA,NA,RAPGEF6,BRMS1L
CDH10,NA,NA,NA,NA,NA,RAPSN,BRPF3
CDKL5,NA,NA,NA,NA,NA,RASGRP1,BRWD3
CLASP2,NA,NA,NA,NA,NA,RASSF3,BTAF1
CLTA,NA,NA,NA,NA,NA,RB1CC1,BTBD10
CNDP2,NA,NA,NA,NA,NA,RBM38,BTBD8
COPA,NA,NA,NA,NA,NA,RBM4,BTG1
COPB2,NA,NA,NA,NA,NA,RBMS1,BTRC
CORO1A,NA,NA,NA,NA,NA,RBP1,BUB1
CORO1B,NA,NA,NA,NA,NA,RCCD1,BUD13
CORO1C,NA,NA,NA,NA,NA,RELA,C11orf71
CORO2B,NA,NA,NA,NA,NA,REST,C1D
COX4I1,NA,NA,NA,NA,NA,RET,CABIN1
COX5B,NA,NA,NA,NA,NA,RGN,CABLES1
COX6B1,NA,NA,NA,NA,NA,RGP1,CACTIN
CPNE5,NA,NA,NA,NA,NA,RGS2,CAMK2N2
CPNE6,NA,NA,NA,NA,NA,RGS5,CAMK4
CRAT,NA,NA,NA,NA,NA,RIC8B,CAMKMT
CRIP2,NA,NA,NA,NA,NA,RIDA,CAMTA2
CRKL,NA,NA,NA,NA,NA,RILPL1,CAPN10
CRYAB,NA,NA,NA,NA,NA,RILPL2,CAPN7
CYB5R1,NA,NA,NA,NA,NA,RIOK2,CARF
CYC1,NA,NA,NA,NA,NA,RIOK3,CARM1
CYTH3,NA,NA,NA,NA,NA,RIPK1,CASC3
DAAM1,NA,NA,NA,NA,NA,RIPK2,CASP2
DARS,NA,NA,NA,NA,NA,RMDN2,CASP8AP2
DCAKD,NA,NA,NA,NA,NA,RNASEH2A,CASZ1
DCTN3,NA,NA,NA,NA,NA,RNF123,CBFA2T2
DCTN4,NA,NA,NA,NA,NA,RNF14,CBFA2T3
DDX17,NA,NA,NA,NA,NA,RNF146,CBFB
DDX6,NA,NA,NA,NA,NA,RNF187,CBLL1
DGKZ,NA,NA,NA,NA,NA,RNF19B,CBX3
DIRAS1,NA,NA,NA,NA,NA,RNF213,CBX4
DMD,NA,NA,NA,NA,NA,RNF216,CBX6
DMWD,NA,NA,NA,NA,NA,RNF25,CBX7
DNAJB1,NA,NA,NA,NA,NA,RNF31,CBX8
DNAJB2,NA,NA,NA,NA,NA,RPAP2,CC2D1B
DNAJB4,NA,NA,NA,NA,NA,RPAP3,CCAR1
DNM1L,NA,NA,NA,NA,NA,RPE,CCAR2
DOCK3,NA,NA,NA,NA,NA,RPGRIP1L,CCDC106
DPYSL4,NA,NA,NA,NA,NA,RPL34,CCDC12
DTNA,NA,NA,NA,NA,NA,RPL36A,CCDC137
DUSP3,NA,NA,NA,NA,NA,RPL36AL,CCDC174
DYNLRB1,NA,NA,NA,NA,NA,RPRD1B,CCDC36
EHD1,NA,NA,NA,NA,NA,RPS15,CCDC59
EIF4G1,NA,NA,NA,NA,NA,RPS19BP1,CCDC62
ELMO2,NA,NA,NA,NA,NA,RPS24,CCDC89
ERC1,NA,NA,NA,NA,NA,RPS27L,CCNA1
ERLIN2,NA,NA,NA,NA,NA,RPS28,CCNB3
FAM49A,NA,NA,NA,NA,NA,RPS6KA1,CCNC
FKBP8,NA,NA,NA,NA,NA,RUBCN,CCND1
FMNL2,NA,NA,NA,NA,NA,RUFY1,CCND2
FN3K,NA,NA,NA,NA,NA,RUSC1,CCNDBP1
FSD1,NA,NA,NA,NA,NA,RUVBL1,CCNE1
GAD1,NA,NA,NA,NA,NA,RUVBL2,CCNG1
GDAP1,NA,NA,NA,NA,NA,S100A14,CCNG2
GDAP1L1,NA,NA,NA,NA,NA,S100A16,CCNH
GK,NA,NA,NA,NA,NA,S100A3,CCNJ
GLS,NA,NA,NA,NA,NA,S100A6,CCNJL
GNB4,NA,NA,NA,NA,NA,S100A9,CCNK
GNG12,NA,NA,NA,NA,NA,SAMD4B,CCNL1
GNL1,NA,NA,NA,NA,NA,SAPCD2,CCNL2
GOT2,NA,NA,NA,NA,NA,SAV1,CCNT1
GPI,NA,NA,NA,NA,NA,SBDS,CD2BP2
GPR158,NA,NA,NA,NA,NA,SCHIP1,CD3EAP
GPRIN1,NA,NA,NA,NA,NA,SCYL1,CDADC1
GPX4,NA,NA,NA,NA,NA,SDR9C7,CDC14A
GRM1,NA,NA,NA,NA,NA,SENP2,CDC14B
GSTM3,NA,NA,NA,NA,NA,SERBP1,CDC25C
GUK1,NA,NA,NA,NA,NA,SERGEF,CDC26
HADH,NA,NA,NA,NA,NA,SERPINB13,CDC27
HDLBP,NA,NA,NA,NA,NA,SERPINB6A,CDC34
HMOX2,NA,NA,NA,NA,NA,SH2B2,CDC45
HNRNPA3,NA,NA,NA,NA,NA,SH2D4A,CDC6
HSDL1,NA,NA,NA,NA,NA,SH3BP1,CDC7
HSP90B1,NA,NA,NA,NA,NA,SH3D19,CDC73
HSPA1A,NA,NA,NA,NA,NA,SHARPIN,CDCA2
HSPA4L,NA,NA,NA,NA,NA,SHB,CDCA4
HSPB1,NA,NA,NA,NA,NA,SHOC2,CDCA7L
IARS2,NA,NA,NA,NA,NA,SHQ1,CDK10
IDH2,NA,NA,NA,NA,NA,SIK1,CDK11B
IDH3G,NA,NA,NA,NA,NA,SKP2,CDK12
IGSF8,NA,NA,NA,NA,NA,SLC17A5,CDK13
INF2,NA,NA,NA,NA,NA,SLC37A3,CDK15
IPO5,NA,NA,NA,NA,NA,SLC7A5,CDK17
ITPR1,NA,NA,NA,NA,NA,SMAD4,CDK19
KARS,NA,NA,NA,NA,NA,SMAD7,CDK2
KCTD16,NA,NA,NA,NA,NA,SMC1B,CDK20
KIF21A,NA,NA,NA,NA,NA,SMC4,CDK2AP2
KLC2,NA,NA,NA,NA,NA,SMN1,CDK6
KPNB1,NA,NA,NA,NA,NA,SMYD2,CDK8
KRAS,NA,NA,NA,NA,NA,SNAI1,CDK9
L1CAM,NA,NA,NA,NA,NA,SNAP29,CDKL1
LDHA,NA,NA,NA,NA,NA,SNF8,CDKL2
LDHB,NA,NA,NA,NA,NA,SNX15,CDKN1A
LIN7B,NA,NA,NA,NA,NA,SOCS7,CDKN1B
LINGO1,NA,NA,NA,NA,NA,SORD,CDKN1C
LLGL1,NA,NA,NA,NA,NA,SORT1,CDKN2A
LRRC8A,NA,NA,NA,NA,NA,SPAG1,CDKN2B
LSAMP,NA,NA,NA,NA,NA,SPATA13,CDKN2C
LZTS1,NA,NA,NA,NA,NA,SPATA24,CDT1
MACROD1,NA,NA,NA,NA,NA,SPATS2,CDX2
MAG,NA,NA,NA,NA,NA,SPATS2L,CDYL
MAP1LC3A,NA,NA,NA,NA,NA,SPC25,CEBPA
MAP2K2,NA,NA,NA,NA,NA,SPG11,CEBPB
MARK1,NA,NA,NA,NA,NA,SPG21,CEBPD
MCCC1,NA,NA,NA,NA,NA,SPIN4,CEBPE
MCCC2,NA,NA,NA,NA,NA,SPIRE1,CEBPG
MFF,NA,NA,NA,NA,NA,SPR,CEBPZ
MFN2,NA,NA,NA,NA,NA,SPRY4,CECR2
MOG,NA,NA,NA,NA,NA,SQSTM1,CELF1
MPRIP,NA,NA,NA,NA,NA,SRM,CELF3
MRPS36,NA,NA,NA,NA,NA,SRP68,CENPA
MTDH,NA,NA,NA,NA,NA,SRPK1,CENPB
MTHFD1,NA,NA,NA,NA,NA,SRPK2,CENPC1
MTX1,NA,NA,NA,NA,NA,SS18L1,CENPF
MYH10,NA,NA,NA,NA,NA,SSSCA1,CENPH
MYH14,NA,NA,NA,NA,NA,SSTR2,CENPI
MYO1D,NA,NA,NA,NA,NA,SSU72,CENPJ
NAP1L4,NA,NA,NA,NA,NA,STARD10,CENPN
NCALD,NA,NA,NA,NA,NA,STAT5A,CENPO
NCAM1,NA,NA,NA,NA,NA,STAT6,CENPP
NDUFA13,NA,NA,NA,NA,NA,STAU1,CENPQ
NDUFA2,NA,NA,NA,NA,NA,STK16,CENPT
NDUFB4,NA,NA,NA,NA,NA,STK24,CENPW
NDUFB6,NA,NA,NA,NA,NA,STK36,CERS5
NDUFB7,NA,NA,NA,NA,NA,STK38,CFAP20
NDUFB8,NA,NA,NA,NA,NA,STK40,CFAP45
NDUFB9,NA,NA,NA,NA,NA,STRADA,CGRRF1
NDUFS6,NA,NA,NA,NA,NA,STRADB,CHD2
NEBL,NA,NA,NA,NA,NA,STRIP1,CHD5
NGEF,NA,NA,NA,NA,NA,STRIP2,CHD6
NPEPPS,NA,NA,NA,NA,NA,STXBP2,CHEK1
NRCAM,NA,NA,NA,NA,NA,SUDS3,CHEK2
NRXN3,NA,NA,NA,NA,NA,SUGT1,CHMP1B
OGDHL,NA,NA,NA,NA,NA,SULT2A1,CHMP7
OGT,NA,NA,NA,NA,NA,SULT2B1,CHRAC1
OLFM1,NA,NA,NA,NA,NA,SYTL4,CHTF18
OPCML,NA,NA,NA,NA,NA,TAB2,CHTF8
OXR1,NA,NA,NA,NA,NA,TACC2,CHTOP
PADI2,NA,NA,NA,NA,NA,TACC3,CHUK
PAFAH1B1,NA,NA,NA,NA,NA,TANK,CIART
PAICS,NA,NA,NA,NA,NA,TARS,CIB1
PALM2,NA,NA,NA,NA,NA,TBC1D13,CIC
PARK7,NA,NA,NA,NA,NA,TBC1D2,CIITA
PDCD6IP,NA,NA,NA,NA,NA,TBC1D30,CIPC
PDHX,NA,NA,NA,NA,NA,TBC1D4,CIR1
PDPK1,NA,NA,NA,NA,NA,TBCC,CITED1
PEX11B,NA,NA,NA,NA,NA,TCHP,CITED2
PFN1,NA,NA,NA,NA,NA,TDRP,CIZ1
PFN2,NA,NA,NA,NA,NA,TELO2,CLASRP
PGK1,NA,NA,NA,NA,NA,TES,CLCN7
PGRMC1,NA,NA,NA,NA,NA,TFE3,CLIC3
PHACTR1,NA,NA,NA,NA,NA,TGS1,CLK1
PHYHIP,NA,NA,NA,NA,NA,THOC7,CLK2
PI4KA,NA,NA,NA,NA,NA,THRA,CLOCK
PICALM,NA,NA,NA,NA,NA,THSD1,CLP1
PIP4K2A,NA,NA,NA,NA,NA,THUMPD3,CLUAP1
PKM,NA,NA,NA,NA,NA,TIGAR,CMAS
PLD3,NA,NA,NA,NA,NA,TIPRL,CMSS1
PLXNA1,NA,NA,NA,NA,NA,TMEM266,CMTM3
PLXNA4,NA,NA,NA,NA,NA,TMEM97,CMTM8
POR,NA,NA,NA,NA,NA,TMSB4X,CMTR1
PPP1CA,NA,NA,NA,NA,NA,TOB2,CNOT10
PPP2R5D,NA,NA,NA,NA,NA,TOM1,CNOT11
PREX1,NA,NA,NA,NA,NA,TPP2,CNOT2
PRNP,NA,NA,NA,NA,NA,TPRKB,CNOT7
PRR7,NA,NA,NA,NA,NA,TRAF2,COIL
PSMC1,NA,NA,NA,NA,NA,TRAF5,COMMD1
PSMD11,NA,NA,NA,NA,NA,TRAPPC2L,COMMD4
PSMD2,NA,NA,NA,NA,NA,TRDN,COMMD9
PTK2,NA,NA,NA,NA,NA,TRIM11,COPRS
PTPN11,NA,NA,NA,NA,NA,TRIM16,COPS7A
PTPN23,NA,NA,NA,NA,NA,TRIM25,COPS7B
PTPRD,NA,NA,NA,NA,NA,TRIM39,COPS8
PYGM,NA,NA,NA,NA,NA,TRIM45,CPD
RAB11B,NA,NA,NA,NA,NA,TRIM47,CPEB1
RAB12,NA,NA,NA,NA,NA,TRIM50,CPEB3
RAB18,NA,NA,NA,NA,NA,TRIM68,CPEB4
RAB21,NA,NA,NA,NA,NA,TRIP6,CPSF3
RAB35,NA,NA,NA,NA,NA,TRUB2,CPSF4
RAB3A,NA,NA,NA,NA,NA,TSTD1,CPSF7
RAB3GAP1,NA,NA,NA,NA,NA,TTBK1,CRBN
RAB3GAP2,NA,NA,NA,NA,NA,TTF2,CRCP
RANGAP1,NA,NA,NA,NA,NA,TTLL12,CREB3L4
RAP1GAP,NA,NA,NA,NA,NA,TTLL5,CREB5
RAP1GDS1,NA,NA,NA,NA,NA,TUBD1,CREBBP
RASAL2,NA,NA,NA,NA,NA,TUBGCP5,CREBRF
RASGRF2,NA,NA,NA,NA,NA,TXLNG,CREM
RHOA,NA,NA,NA,NA,NA,TXNDC17,CRIP3
RIMBP2,NA,NA,NA,NA,NA,TXNDC9,CRIPT
RIMS1,NA,NA,NA,NA,NA,TXNRD1,CRNKL1
ROGDI,NA,NA,NA,NA,NA,UAP1,CRTC1
RPL10A,NA,NA,NA,NA,NA,UBA3,CRTC2
RPL13A,NA,NA,NA,NA,NA,UBA52,CRTC3
RPL18,NA,NA,NA,NA,NA,UBA6,CRY1
RPL19,NA,NA,NA,NA,NA,UBAC1,CRY2
RPL22,NA,NA,NA,NA,NA,UBAP1,CSDC2
RPL27,NA,NA,NA,NA,NA,UBE2I,CSRNP1
RPL31,NA,NA,NA,NA,NA,UBE2K,CSRNP2
RPS17,NA,NA,NA,NA,NA,UBE2L3,CSRNP3
RPS2,NA,NA,NA,NA,NA,UBQLN2,CTDP1
RPS6,NA,NA,NA,NA,NA,UGDH,CTDSP1
RPSA,NA,NA,NA,NA,NA,ULBP1,CTDSPL2
SACM1L,NA,NA,NA,NA,NA,ULK1,CTNNBL1
SARS,NA,NA,NA,NA,NA,UNC13D,CUL2
SCRIB,NA,NA,NA,NA,NA,UNC45B,CUL4B
SCRN1,NA,NA,NA,NA,NA,UNKL,CWC22
SFPQ,NA,NA,NA,NA,NA,UPF2,CWC25
SFXN1,NA,NA,NA,NA,NA,UPF3B,CWC27
SH3GL1,NA,NA,NA,NA,NA,URGCP,CXXC5
SH3GL3,NA,NA,NA,NA,NA,UROC1,CYB5RL
SH3GLB2,NA,NA,NA,NA,NA,UROD,CYGB
SH3KBP1,NA,NA,NA,NA,NA,USH1C,CYHR1
SHMT2,NA,NA,NA,NA,NA,USP10,DACH1
SIPA1L1,NA,NA,NA,NA,NA,USP18,DACT1
SLC12A2,NA,NA,NA,NA,NA,USP21,DAPK3
SLC25A22,NA,NA,NA,NA,NA,USP25,DAXX
SLC27A1,NA,NA,NA,NA,NA,VPS4B,DAZAP1
SLC2A1,NA,NA,NA,NA,NA,WARS,DAZAP2
SLC3A2,NA,NA,NA,NA,NA,WBP2,DBF4
SLC4A1,NA,NA,NA,NA,NA,WDFY3,DBR1
SLC8A2,NA,NA,NA,NA,NA,WDR26,DCAF11
SNCA,NA,NA,NA,NA,NA,WDR34,DCAF17
SNX1,NA,NA,NA,NA,NA,WDR6,DCAF6
SNX4,NA,NA,NA,NA,NA,WDR61,DCAF7
SNX6,NA,NA,NA,NA,NA,WDR62,DCAF8
SPECC1,NA,NA,NA,NA,NA,WDR77,DCK
SPTBN4,NA,NA,NA,NA,NA,WEE2,DCLRE1A
SRGAP3,NA,NA,NA,NA,NA,WHAMM,DCLRE1B
SRI,NA,NA,NA,NA,NA,WNK1,DCLRE1C
SRR,NA,NA,NA,NA,NA,XDH,DCP2
SSBP1,NA,NA,NA,NA,NA,XIAP,DCPS
STK32C,NA,NA,NA,NA,NA,XPNPEP1,DCTN5
STK39,NA,NA,NA,NA,NA,XPO4,DCUN1D1
STRAP,NA,NA,NA,NA,NA,XRN1,DCUN1D4
STX7,NA,NA,NA,NA,NA,YBX1,DDB2
SYNCRIP,NA,NA,NA,NA,NA,YBX3,DDIT3
TAOK1,NA,NA,NA,NA,NA,YOD1,DDN
TBC1D24,NA,NA,NA,NA,NA,YTHDF2,DDX10
TBCB,NA,NA,NA,NA,NA,ZBTB33,DDX11
TBCD,NA,NA,NA,NA,NA,ZBTB48,DDX23
TBK1,NA,NA,NA,NA,NA,ZC3H15,DDX39
THY1,NA,NA,NA,NA,NA,ZC3HAV1,DDX46
TIMM50,NA,NA,NA,NA,NA,ZC3HAV1L,DDX55
TJP1,NA,NA,NA,NA,NA,ZCCHC7,DDX56
TMEM33,NA,NA,NA,NA,NA,ZFYVE16,DDX59
TMOD2,NA,NA,NA,NA,NA,ZFYVE27,DEAF1
TNC,NA,NA,NA,NA,NA,ZFYVE28,DEDD2
TOM1L2,NA,NA,NA,NA,NA,ZFYVE9,DEF6
TRAP1,NA,NA,NA,NA,NA,ZWINT,DET1
TRAPPC3,NA,NA,NA,NA,NA,NA,DFFB
TRIM2,NA,NA,NA,NA,NA,NA,DGCR8
TSC1,NA,NA,NA,NA,NA,NA,DHX16
TSC2,NA,NA,NA,NA,NA,NA,DHX35
TSG101,NA,NA,NA,NA,NA,NA,DHX38
TUBA1A,NA,NA,NA,NA,NA,NA,DHX9
TUBA4A,NA,NA,NA,NA,NA,NA,DIEXF
TUBB2B,NA,NA,NA,NA,NA,NA,DIMT1
TUBB3,NA,NA,NA,NA,NA,NA,DIP2A
TUBB6,NA,NA,NA,NA,NA,NA,DLC1
TUFM,NA,NA,NA,NA,NA,NA,DLX1
UBL4A,NA,NA,NA,NA,NA,NA,DLX2
UQCRFS1,NA,NA,NA,NA,NA,NA,DLX4
USO1,NA,NA,NA,NA,NA,NA,DLX6
USP14,NA,NA,NA,NA,NA,NA,DMC1
USP5,NA,NA,NA,NA,NA,NA,DMTF1
USP9X,NA,NA,NA,NA,NA,NA,DNAJB5
VAC14,NA,NA,NA,NA,NA,NA,DNAJC7
VAMP3,NA,NA,NA,NA,NA,NA,DNAJC8
VARS,NA,NA,NA,NA,NA,NA,DNAJC9
VCPIP1,NA,NA,NA,NA,NA,NA,DNMT3L
VDAC2,NA,NA,NA,NA,NA,NA,DNPH1
VGF,NA,NA,NA,NA,NA,NA,DNTT
VPS11,NA,NA,NA,NA,NA,NA,DOK7
VPS29,NA,NA,NA,NA,NA,NA,DONSON
VPS52,NA,NA,NA,NA,NA,NA,DOT1L
VPS53,NA,NA,NA,NA,NA,NA,DPEP1
VTA1,NA,NA,NA,NA,NA,NA,DPF1
WASF3,NA,NA,NA,NA,NA,NA,DPF3
WASL,NA,NA,NA,NA,NA,NA,DPH1
YES1,NA,NA,NA,NA,NA,NA,DPH3
ABCF3,NA,NA,NA,NA,NA,NA,DPH6
ACADVL,NA,NA,NA,NA,NA,NA,DPPA4
ACBD5,NA,NA,NA,NA,NA,NA,DPY30
ACOT9,NA,NA,NA,NA,NA,NA,DROSHA
ACSBG1,NA,NA,NA,NA,NA,NA,DSCC1
ACSL4,NA,NA,NA,NA,NA,NA,DSE
ACTR1B,NA,NA,NA,NA,NA,NA,DSN1
ACTR3B,NA,NA,NA,NA,NA,NA,DTL
ACYP2,NA,NA,NA,NA,NA,NA,DTX2
ADAM11,NA,NA,NA,NA,NA,NA,DUSP1
ADCY1,NA,NA,NA,NA,NA,NA,DUSP10
AGAP1,NA,NA,NA,NA,NA,NA,DUSP11
AGAP3,NA,NA,NA,NA,NA,NA,DUSP12
AHCY,NA,NA,NA,NA,NA,NA,DUSP14
AIP,NA,NA,NA,NA,NA,NA,DUSP16
AK5,NA,NA,NA,NA,NA,NA,DUSP18
AKR1C1,NA,NA,NA,NA,NA,NA,DUSP2
ALDH2,NA,NA,NA,NA,NA,NA,DUSP22
AMPD2,NA,NA,NA,NA,NA,NA,DUSP23
ANXA4,NA,NA,NA,NA,NA,NA,DUSP26
AP1M1,NA,NA,NA,NA,NA,NA,DUSP4
AP1S1,NA,NA,NA,NA,NA,NA,DUT
AP3S1,NA,NA,NA,NA,NA,NA,DYRK1B
APOE,NA,NA,NA,NA,NA,NA,DYRK2
APOO,NA,NA,NA,NA,NA,NA,DYRK3
APOOL,NA,NA,NA,NA,NA,NA,E2F1
APP,NA,NA,NA,NA,NA,NA,E2F3
AQP1,NA,NA,NA,NA,NA,NA,E2F4
AQP4,NA,NA,NA,NA,NA,NA,E2F5
ARCN1,NA,NA,NA,NA,NA,NA,E2F6
ARF6,NA,NA,NA,NA,NA,NA,E2F7
ARFGAP1,NA,NA,NA,NA,NA,NA,E2F8
ARFGAP2,NA,NA,NA,NA,NA,NA,E4F1
ARHGAP21,NA,NA,NA,NA,NA,NA,EAF1
ARHGAP26,NA,NA,NA,NA,NA,NA,EBF1
ARHGAP32,NA,NA,NA,NA,NA,NA,EBF3
ARHGAP44,NA,NA,NA,NA,NA,NA,ECT2
ARL8B,NA,NA,NA,NA,NA,NA,EDRF1
ARPC1A,NA,NA,NA,NA,NA,NA,EEFSEC
ARRB1,NA,NA,NA,NA,NA,NA,EGLN2
ASTN1,NA,NA,NA,NA,NA,NA,EGR1
ATP12A,NA,NA,NA,NA,NA,NA,EGR2
ATP1A4,NA,NA,NA,NA,NA,NA,EHF
ATP5D,NA,NA,NA,NA,NA,NA,EID1
ATP5I,NA,NA,NA,NA,NA,NA,EID2
ATP6V1G1,NA,NA,NA,NA,NA,NA,EID3
ATPIF1,NA,NA,NA,NA,NA,NA,EIF1AD
ATXN10,NA,NA,NA,NA,NA,NA,EIF3L
BDH1,NA,NA,NA,NA,NA,NA,EIF6
BLVRB,NA,NA,NA,NA,NA,NA,ELAC1
BRSK2,NA,NA,NA,NA,NA,NA,ELF1
BSG,NA,NA,NA,NA,NA,NA,ELF2
CACNA1E,NA,NA,NA,NA,NA,NA,ELF3
CACNA2D2,NA,NA,NA,NA,NA,NA,ELF4
CACNA2D3,NA,NA,NA,NA,NA,NA,ELF5
CACNB4,NA,NA,NA,NA,NA,NA,ELK3
CACNG2,NA,NA,NA,NA,NA,NA,ELK4
CADPS2,NA,NA,NA,NA,NA,NA,ELL2
CALCOCO1,NA,NA,NA,NA,NA,NA,ELL3
CALR,NA,NA,NA,NA,NA,NA,ELMSAN1
CAMK1D,NA,NA,NA,NA,NA,NA,ELP4
CANX,NA,NA,NA,NA,NA,NA,EMP2
CC2D1A,NA,NA,NA,NA,NA,NA,EMSY
CCDC127,NA,NA,NA,NA,NA,NA,EMX1
CD59,NA,NA,NA,NA,NA,NA,EMX2
CD9,NA,NA,NA,NA,NA,NA,EN1
CDC42BPA,NA,NA,NA,NA,NA,NA,EN2
CELF2,NA,NA,NA,NA,NA,NA,ENOPH1
CHL1,NA,NA,NA,NA,NA,NA,ENTPD7
CLASP1,NA,NA,NA,NA,NA,NA,EP400
CMPK1,NA,NA,NA,NA,NA,NA,EPAS1
COASY,NA,NA,NA,NA,NA,NA,EPC2
COPS3,NA,NA,NA,NA,NA,NA,EPHA6
COPS4,NA,NA,NA,NA,NA,NA,EPM2A
CORO2A,NA,NA,NA,NA,NA,NA,ERCC1
COX7A2L,NA,NA,NA,NA,NA,NA,ERCC2
CRTAC1,NA,NA,NA,NA,NA,NA,ERCC4
CRYZ,NA,NA,NA,NA,NA,NA,ERCC5
CSE1L,NA,NA,NA,NA,NA,NA,ERCC6
CSNK1E,NA,NA,NA,NA,NA,NA,ERCC8
CSNK2A2,NA,NA,NA,NA,NA,NA,ERF
CSRP1,NA,NA,NA,NA,NA,NA,ERG
CST3,NA,NA,NA,NA,NA,NA,ERGIC2
CTNNA1,NA,NA,NA,NA,NA,NA,ERH
CTTN,NA,NA,NA,NA,NA,NA,ESPL1
CTTNBP2,NA,NA,NA,NA,NA,NA,ESR2
CUL3,NA,NA,NA,NA,NA,NA,ESRP1
CYB5B,NA,NA,NA,NA,NA,NA,ESRP2
DAAM2,NA,NA,NA,NA,NA,NA,ESRRA
DBT,NA,NA,NA,NA,NA,NA,ESRRB
DDAH1,NA,NA,NA,NA,NA,NA,ESRRG
DDRGK1,NA,NA,NA,NA,NA,NA,ESX1
DDX5,NA,NA,NA,NA,NA,NA,ETAA1
DES,NA,NA,NA,NA,NA,NA,ETS1
DHRS7B,NA,NA,NA,NA,NA,NA,ETS2
DNAJC19,NA,NA,NA,NA,NA,NA,ETV1
DOCK4,NA,NA,NA,NA,NA,NA,ETV3
DOCK9,NA,NA,NA,NA,NA,NA,ETV4
DPM1,NA,NA,NA,NA,NA,NA,ETV5
DPYSL3,NA,NA,NA,NA,NA,NA,ETV6
DPYSL5,NA,NA,NA,NA,NA,NA,EVX1
DSP,NA,NA,NA,NA,NA,NA,EXO1
DYNLL1,NA,NA,NA,NA,NA,NA,EXO5
EEA1,NA,NA,NA,NA,NA,NA,EXOSC1
EEF1B2,NA,NA,NA,NA,NA,NA,EXOSC8
EEF1D,NA,NA,NA,NA,NA,NA,EYA1
EFHD2,NA,NA,NA,NA,NA,NA,EYA3
EFR3A,NA,NA,NA,NA,NA,NA,EYA4
EIF2S1,NA,NA,NA,NA,NA,NA,EZH1
EIF3A,NA,NA,NA,NA,NA,NA,FAAP100
EIF3C,NA,NA,NA,NA,NA,NA,FAAP20
EMC2,NA,NA,NA,NA,NA,NA,FAAP24
EMD,NA,NA,NA,NA,NA,NA,FAF1
EPB41,NA,NA,NA,NA,NA,NA,FAM107A
ETFB,NA,NA,NA,NA,NA,NA,FAM111A
FAAH,NA,NA,NA,NA,NA,NA,FAM120B
FABP7,NA,NA,NA,NA,NA,NA,FAM120C
FAM131B,NA,NA,NA,NA,NA,NA,FAM124B
FAM171A1,NA,NA,NA,NA,NA,NA,FAM169A
FAM171A2,NA,NA,NA,NA,NA,NA,FAM172A
FAM171B,NA,NA,NA,NA,NA,NA,FAM192A
FAM49B,NA,NA,NA,NA,NA,NA,FAM193B
FH,NA,NA,NA,NA,NA,NA,FAM206A
FIBP,NA,NA,NA,NA,NA,NA,FAM207A
FIS1,NA,NA,NA,NA,NA,NA,FAM214B
FKBP3,NA,NA,NA,NA,NA,NA,FAM217B
FLII,NA,NA,NA,NA,NA,NA,FAM222B
FLNA,NA,NA,NA,NA,NA,NA,FAM32A
FMN2,NA,NA,NA,NA,NA,NA,FAM50A
FMNL1,NA,NA,NA,NA,NA,NA,FAM50B
FTH1,NA,NA,NA,NA,NA,NA,FAM76A
FUS,NA,NA,NA,NA,NA,NA,FAM98B
GABRA4,NA,NA,NA,NA,NA,NA,FAN1
GABRB2,NA,NA,NA,NA,NA,NA,FANCA
GABRG2,NA,NA,NA,NA,NA,NA,FANCC
GAK,NA,NA,NA,NA,NA,NA,FANCE
GAPVD1,NA,NA,NA,NA,NA,NA,FANCL
GAS7,NA,NA,NA,NA,NA,NA,FANCM
GBAS,NA,NA,NA,NA,NA,NA,FANK1
GLG1,NA,NA,NA,NA,NA,NA,FBLL1
GLIPR2,NA,NA,NA,NA,NA,NA,FBP2
GNA14,NA,NA,NA,NA,NA,NA,FBXL17
GNAI3,NA,NA,NA,NA,NA,NA,FBXL3
GNG2,NA,NA,NA,NA,NA,NA,FBXL4
GOT1,NA,NA,NA,NA,NA,NA,FBXO11
GPC1,NA,NA,NA,NA,NA,NA,FBXO3
GPRC5B,NA,NA,NA,NA,NA,NA,FBXO38
GPSM1,NA,NA,NA,NA,NA,NA,FBXO5
GPX1,NA,NA,NA,NA,NA,NA,FBXW11
GRIK2,NA,NA,NA,NA,NA,NA,FBXW2
GRIPAP1,NA,NA,NA,NA,NA,NA,FBXW7
GSK3A,NA,NA,NA,NA,NA,NA,FCHO1
GSTK1,NA,NA,NA,NA,NA,NA,FEM1B
HAPLN2,NA,NA,NA,NA,NA,NA,FEM1C
HCN2,NA,NA,NA,NA,NA,NA,FEN1
HECW1,NA,NA,NA,NA,NA,NA,FERMT2
HECW2,NA,NA,NA,NA,NA,NA,FEV
HGS,NA,NA,NA,NA,NA,NA,FEZF1
HNRNPA2B1,NA,NA,NA,NA,NA,NA,FGF1
HOMER3,NA,NA,NA,NA,NA,NA,FGF14
HOOK3,NA,NA,NA,NA,NA,NA,FGF2
HRAS,NA,NA,NA,NA,NA,NA,FGFR1
HSDL2,NA,NA,NA,NA,NA,NA,FHIT
HSPA1B,NA,NA,NA,NA,NA,NA,FHL3
HSPA1L,NA,NA,NA,NA,NA,NA,FIGN
HUWE1,NA,NA,NA,NA,NA,NA,FIP1L1
IDH3B,NA,NA,NA,NA,NA,NA,FIZ1
IPO7,NA,NA,NA,NA,NA,NA,FKBP5
ITPKA,NA,NA,NA,NA,NA,NA,FLI1
KCNA1,NA,NA,NA,NA,NA,NA,FLT4
KCNA4,NA,NA,NA,NA,NA,NA,FLYWCH1
KCNAB1,NA,NA,NA,NA,NA,NA,FMN1
KCNJ10,NA,NA,NA,NA,NA,NA,FNBP4
KCNQ2,NA,NA,NA,NA,NA,NA,FOLR1
KCTD12,NA,NA,NA,NA,NA,NA,FOS
KIAA0513,NA,NA,NA,NA,NA,NA,FOSB
KIAA1217,NA,NA,NA,NA,NA,NA,FOSL2
KIAA1468,NA,NA,NA,NA,NA,NA,FOXA1
KIAA1549,NA,NA,NA,NA,NA,NA,FOXA2
KIF1A,NA,NA,NA,NA,NA,NA,FOXA3
KIF3A,NA,NA,NA,NA,NA,NA,FOXB1
KIF5A,NA,NA,NA,NA,NA,NA,FOXC1
KLC1,NA,NA,NA,NA,NA,NA,FOXC2
KPNA1,NA,NA,NA,NA,NA,NA,FOXD4
KTN1,NA,NA,NA,NA,NA,NA,FOXF1
LGI3,NA,NA,NA,NA,NA,NA,FOXJ2
LIMCH1,NA,NA,NA,NA,NA,NA,FOXJ3
LIN7C,NA,NA,NA,NA,NA,NA,FOXK1
LMNB2,NA,NA,NA,NA,NA,NA,FOXK2
LONP1,NA,NA,NA,NA,NA,NA,FOXL2
LPHN1,NA,NA,NA,NA,NA,NA,FOXM1
LPHN3,NA,NA,NA,NA,NA,NA,FOXN2
LRP1,NA,NA,NA,NA,NA,NA,FOXN3
LRRC57,NA,NA,NA,NA,NA,NA,FOXN4
LYN,NA,NA,NA,NA,NA,NA,FOXO3
MADD,NA,NA,NA,NA,NA,NA,FOXO4
MAP6D1,NA,NA,NA,NA,NA,NA,FOXP1
MAP7D1,NA,NA,NA,NA,NA,NA,FOXP2
MAPK10,NA,NA,NA,NA,NA,NA,FOXP3
MARCKSL1,NA,NA,NA,NA,NA,NA,FOXP4
MARK2,NA,NA,NA,NA,NA,NA,FOXQ1
MARS,NA,NA,NA,NA,NA,NA,FOXS1
MDH1,NA,NA,NA,NA,NA,NA,FSBP
MLLT4,NA,NA,NA,NA,NA,NA,FSTL3
MPP1,NA,NA,NA,NA,NA,NA,FUBP3
MRAS,NA,NA,NA,NA,NA,NA,FYTTD1
MTHFD1L,NA,NA,NA,NA,NA,NA,FZD10
MYCBP2,NA,NA,NA,NA,NA,NA,FZR1
MYH11,NA,NA,NA,NA,NA,NA,GABPB1
MYL6B,NA,NA,NA,NA,NA,NA,GABPB2
MYO1B,NA,NA,NA,NA,NA,NA,GADD45A
MYO1C,NA,NA,NA,NA,NA,NA,GADD45B
NCK2,NA,NA,NA,NA,NA,NA,GADD45G
NDRG1,NA,NA,NA,NA,NA,NA,GAR1
NDRG2,NA,NA,NA,NA,NA,NA,GATA2
NDUFA12,NA,NA,NA,NA,NA,NA,GATA3
NDUFA8,NA,NA,NA,NA,NA,NA,GATA4
NDUFC2,NA,NA,NA,NA,NA,NA,GATA5
NDUFS8,NA,NA,NA,NA,NA,NA,GATA6
NLGN3,NA,NA,NA,NA,NA,NA,GATAD1
NME3,NA,NA,NA,NA,NA,NA,GBP2
NOMO1,NA,NA,NA,NA,NA,NA,GBX2
NOS1,NA,NA,NA,NA,NA,NA,GCFC2
NPM1,NA,NA,NA,NA,NA,NA,GCH1
NRGN,NA,NA,NA,NA,NA,NA,GCHFR
NSFL1C,NA,NA,NA,NA,NA,NA,GEMIN2
NTM,NA,NA,NA,NA,NA,NA,GEMIN6
OLA1,NA,NA,NA,NA,NA,NA,GEN1
OTUB1,NA,NA,NA,NA,NA,NA,GID8
PA2G4,NA,NA,NA,NA,NA,NA,GINS1
PBXIP1,NA,NA,NA,NA,NA,NA,GINS2
PC,NA,NA,NA,NA,NA,NA,GINS3
PCCA,NA,NA,NA,NA,NA,NA,GINS4
PCDH1,NA,NA,NA,NA,NA,NA,GLE1
PCMT1,NA,NA,NA,NA,NA,NA,GLI2
PDE4D,NA,NA,NA,NA,NA,NA,GLIS2
PDIA6,NA,NA,NA,NA,NA,NA,GLIS3
PDK3,NA,NA,NA,NA,NA,NA,GLRX2
PEA15,NA,NA,NA,NA,NA,NA,GM29609
PEBP1,NA,NA,NA,NA,NA,NA,GMEB1
PEX5L,NA,NA,NA,NA,NA,NA,GMEB2
PGM2L1,NA,NA,NA,NA,NA,NA,GMNN
PITPNA,NA,NA,NA,NA,NA,NA,GNL3L
PITPNM1,NA,NA,NA,NA,NA,NA,GON4L
PLCB4,NA,NA,NA,NA,NA,NA,GPATCH2
PLCD3,NA,NA,NA,NA,NA,NA,GPATCH3
PLEKHA6,NA,NA,NA,NA,NA,NA,GPBP1L1
PLXNA2,NA,NA,NA,NA,NA,NA,GPKOW
PMVK,NA,NA,NA,NA,NA,NA,GPS2
PNPLA6,NA,NA,NA,NA,NA,NA,GRHL1
PPAP2B,NA,NA,NA,NA,NA,NA,GRHL2
PPFIA2,NA,NA,NA,NA,NA,NA,GRHL3
PPFIA4,NA,NA,NA,NA,NA,NA,GRK5
PPM1E,NA,NA,NA,NA,NA,NA,GRWD1
PPP1R12A,NA,NA,NA,NA,NA,NA,GSC
PRAF2,NA,NA,NA,NA,NA,NA,GSDMD
PRDX6,NA,NA,NA,NA,NA,NA,GSTCD
PRKAR2A,NA,NA,NA,NA,NA,NA,GTF2A1
PRKDC,NA,NA,NA,NA,NA,NA,GTF2A2
PRKRA,NA,NA,NA,NA,NA,NA,GTF2B
PRODH,NA,NA,NA,NA,NA,NA,GTF2E1
PROSC,NA,NA,NA,NA,NA,NA,GTF2E2
PRPS1,NA,NA,NA,NA,NA,NA,GTF2F1
PSMC3,NA,NA,NA,NA,NA,NA,GTF2F2
PSMC6,NA,NA,NA,NA,NA,NA,GTF2H1
PSMD14,NA,NA,NA,NA,NA,NA,GTF2H2
PSMD3,NA,NA,NA,NA,NA,NA,GTF2H3
PSPC1,NA,NA,NA,NA,NA,NA,GTF2H4
PTGES3,NA,NA,NA,NA,NA,NA,GTF2I
PTPRF,NA,NA,NA,NA,NA,NA,GTF2IRD1
RAB11FIP2,NA,NA,NA,NA,NA,NA,GTF2IRD2
RAB1B,NA,NA,NA,NA,NA,NA,GTF3A
RAB2A,NA,NA,NA,NA,NA,NA,GTF3C2
RAB39B,NA,NA,NA,NA,NA,NA,GTF3C3
RAB4B,NA,NA,NA,NA,NA,NA,GTF3C6
RAB5A,NA,NA,NA,NA,NA,NA,H1FX
RAB5B,NA,NA,NA,NA,NA,NA,H3F3A
RAB6B,NA,NA,NA,NA,NA,NA,H3F3B
RAB8A,NA,NA,NA,NA,NA,NA,HAND2
RAB8B,NA,NA,NA,NA,NA,NA,HAT1
RABEP1,NA,NA,NA,NA,NA,NA,HAVCR2
RAN,NA,NA,NA,NA,NA,NA,HBP1
RAP2A,NA,NA,NA,NA,NA,NA,HCFC1R1
RAP2C,NA,NA,NA,NA,NA,NA,HCFC2
RDH14,NA,NA,NA,NA,NA,NA,HDAC10
RFTN1,NA,NA,NA,NA,NA,NA,HDAC2
RGS7BP,NA,NA,NA,NA,NA,NA,HDAC3
RHEB,NA,NA,NA,NA,NA,NA,HDAC5
RIN1,NA,NA,NA,NA,NA,NA,HDAC6
RNH1,NA,NA,NA,NA,NA,NA,HDAC8
RPH3A,NA,NA,NA,NA,NA,NA,HDAC9
RPL10,NA,NA,NA,NA,NA,NA,HDGF
RPL17,NA,NA,NA,NA,NA,NA,HDGFL3
RPL26,NA,NA,NA,NA,NA,NA,HEATR1
RPL28,NA,NA,NA,NA,NA,NA,HELZ
RPL36,NA,NA,NA,NA,NA,NA,HES1
RPS10,NA,NA,NA,NA,NA,NA,HES5
RPS15A,NA,NA,NA,NA,NA,NA,HES6
RPS27,NA,NA,NA,NA,NA,NA,HES7
RPS4X,NA,NA,NA,NA,NA,NA,HESX1
RPS7,NA,NA,NA,NA,NA,NA,HEXDC
RPS9,NA,NA,NA,NA,NA,NA,HEXIM1
RRBP1,NA,NA,NA,NA,NA,NA,HEXIM2
SACS,NA,NA,NA,NA,NA,NA,HEY1
SAR1A,NA,NA,NA,NA,NA,NA,HEY2
SCAI,NA,NA,NA,NA,NA,NA,HHEX
SDHA,NA,NA,NA,NA,NA,NA,HHIP
SEC13,NA,NA,NA,NA,NA,NA,HIC2
SEC24C,NA,NA,NA,NA,NA,NA,HIF1A
SEC31A,NA,NA,NA,NA,NA,NA,HIF1AN
SEPT4,NA,NA,NA,NA,NA,NA,HINFP
SESTD1,NA,NA,NA,NA,NA,NA,HINT3
SGSM1,NA,NA,NA,NA,NA,NA,HIPK2
SH3BGRL2,NA,NA,NA,NA,NA,NA,HIRIP3
SHISA7,NA,NA,NA,NA,NA,NA,HIST1H1A
SIRPA,NA,NA,NA,NA,NA,NA,HIST1H1D
SIRT2,NA,NA,NA,NA,NA,NA,HIST1H2AE
SLC25A1,NA,NA,NA,NA,NA,NA,HIST1H2AH
SLC25A18,NA,NA,NA,NA,NA,NA,HIST1H2BB
SLC25A31,NA,NA,NA,NA,NA,NA,HIST1H2BC
SLC25A46,NA,NA,NA,NA,NA,NA,HIST1H2BE
SLC25A6,NA,NA,NA,NA,NA,NA,HIST1H2BF
SNPH,NA,NA,NA,NA,NA,NA,HIST1H2BG
SNX12,NA,NA,NA,NA,NA,NA,HIST1H2BH
SNX2,NA,NA,NA,NA,NA,NA,HIST1H2BJ
SNX3,NA,NA,NA,NA,NA,NA,HIST1H2BK
SOGA3,NA,NA,NA,NA,NA,NA,HIST1H2BL
SRGAP2,NA,NA,NA,NA,NA,NA,HIST1H2BN
STAT1,NA,NA,NA,NA,NA,NA,HIST1H3B
STOM,NA,NA,NA,NA,NA,NA,HIST1H3C
STXBP3,NA,NA,NA,NA,NA,NA,HIST1H3D
SYNGR1,NA,NA,NA,NA,NA,NA,HIST1H3E
SYNM,NA,NA,NA,NA,NA,NA,HIST1H3F
SYT2,NA,NA,NA,NA,NA,NA,HIST1H4B
TALDO1,NA,NA,NA,NA,NA,NA,HIST1H4C
TANC2,NA,NA,NA,NA,NA,NA,HIST1H4D
TAOK2,NA,NA,NA,NA,NA,NA,HIST1H4F
TBC1D10B,NA,NA,NA,NA,NA,NA,HIST1H4H
TLN1,NA,NA,NA,NA,NA,NA,HIST1H4I
TMOD1,NA,NA,NA,NA,NA,NA,HIST1H4J
TNIK,NA,NA,NA,NA,NA,NA,HIST1H4K
TOLLIP,NA,NA,NA,NA,NA,NA,HIST1H4M
TOMM34,NA,NA,NA,NA,NA,NA,HIST1H4N
TPM4,NA,NA,NA,NA,NA,NA,HIST2H2BE
TRAF3,NA,NA,NA,NA,NA,NA,HIST2H3B
TRAPPC11,NA,NA,NA,NA,NA,NA,HIST2H3C1
TRIM9,NA,NA,NA,NA,NA,NA,HIST2H3C2
TTC37,NA,NA,NA,NA,NA,NA,HIST2H4
TUBA1B,NA,NA,NA,NA,NA,NA,HIVEP1
TUBB4B,NA,NA,NA,NA,NA,NA,HIVEP2
TWF1,NA,NA,NA,NA,NA,NA,HIVEP3
TWF2,NA,NA,NA,NA,NA,NA,HJURP
UBE2M,NA,NA,NA,NA,NA,NA,HLF
UBE2V2,NA,NA,NA,NA,NA,NA,HLX
UBXN6,NA,NA,NA,NA,NA,NA,HMBOX1
UGP2,NA,NA,NA,NA,NA,NA,HMG20B
UQCRB,NA,NA,NA,NA,NA,NA,HMGA1B
UQCRH,NA,NA,NA,NA,NA,NA,HMGN3
USMG5,NA,NA,NA,NA,NA,NA,HMX3
VAT1,NA,NA,NA,NA,NA,NA,HNF1A
VCL,NA,NA,NA,NA,NA,NA,HNF1B
VPS18,NA,NA,NA,NA,NA,NA,HNF4A
VPS26B,NA,NA,NA,NA,NA,NA,HNF4G
VPS51,NA,NA,NA,NA,NA,NA,HNRNPDL
WDR48,NA,NA,NA,NA,NA,NA,HNRNPH3
WFS1,NA,NA,NA,NA,NA,NA,HNRNPUL1
YARS,NA,NA,NA,NA,NA,NA,HOMEZ
YARS2,NA,NA,NA,NA,NA,NA,HOXA10
AASDHPPT,NA,NA,NA,NA,NA,NA,HOXA11
ABAT,NA,NA,NA,NA,NA,NA,HOXA13
ABHD12,NA,NA,NA,NA,NA,NA,HOXA2
ABHD17B,NA,NA,NA,NA,NA,NA,HOXA3
ABHD6,NA,NA,NA,NA,NA,NA,HOXA4
ABLIM3,NA,NA,NA,NA,NA,NA,HOXA7
ACAA1,NA,NA,NA,NA,NA,NA,HOXA9
ACAA2,NA,NA,NA,NA,NA,NA,HOXB13
ACAD9,NA,NA,NA,NA,NA,NA,HOXB2
ACADSB,NA,NA,NA,NA,NA,NA,HOXB3
ACOT8,NA,NA,NA,NA,NA,NA,HOXB4
ACP1,NA,NA,NA,NA,NA,NA,HOXB5
ACTA1,NA,NA,NA,NA,NA,NA,HOXB7
ACTN3,NA,NA,NA,NA,NA,NA,HOXB8
ADCY2,NA,NA,NA,NA,NA,NA,HOXC10
ADCY5,NA,NA,NA,NA,NA,NA,HOXC11
ADCY8,NA,NA,NA,NA,NA,NA,HOXC4
ADGRL1,NA,NA,NA,NA,NA,NA,HOXC5
AGL,NA,NA,NA,NA,NA,NA,HOXC6
AGPAT3,NA,NA,NA,NA,NA,NA,HOXC8
AGPAT4,NA,NA,NA,NA,NA,NA,HOXC9
AGPAT5,NA,NA,NA,NA,NA,NA,HOXD1
AK4,NA,NA,NA,NA,NA,NA,HOXD10
AKAP2,NA,NA,NA,NA,NA,NA,HOXD11
AKR7A2,NA,NA,NA,NA,NA,NA,HOXD13
ALB,NA,NA,NA,NA,NA,NA,HOXD3
ALDH4A1,NA,NA,NA,NA,NA,NA,HOXD4
ALDH7A1,NA,NA,NA,NA,NA,NA,HOXD9
ALYREF,NA,NA,NA,NA,NA,NA,HPF1
ANKFY1,NA,NA,NA,NA,NA,NA,HPSE
ANKRD24,NA,NA,NA,NA,NA,NA,HR
AP3S2,NA,NA,NA,NA,NA,NA,HS6ST2
APC,NA,NA,NA,NA,NA,NA,HSBP1L1
APOL2,NA,NA,NA,NA,NA,NA,HSF1
ARFGAP3,NA,NA,NA,NA,NA,NA,HSF2
ARFGEF3,NA,NA,NA,NA,NA,NA,HSF4
ARHGAP35,NA,NA,NA,NA,NA,NA,HSPB3
ARL1,NA,NA,NA,NA,NA,NA,HSPB7
ARL15,NA,NA,NA,NA,NA,NA,HTATSF1
ARL6IP5,NA,NA,NA,NA,NA,NA,HTR2B
ARPC5L,NA,NA,NA,NA,NA,NA,HUNK
ASAP1,NA,NA,NA,NA,NA,NA,HUS1B
ASNA1,NA,NA,NA,NA,NA,NA,HYPK
ATCAY,NA,NA,NA,NA,NA,NA,IBTK
ATG2B,NA,NA,NA,NA,NA,NA,ICE1
ATP2A1,NA,NA,NA,NA,NA,NA,ICE2
ATP5E,NA,NA,NA,NA,NA,NA,ID1
ATP6AP1,NA,NA,NA,NA,NA,NA,ID2
ATP8A2,NA,NA,NA,NA,NA,NA,ID3
ATP9A,NA,NA,NA,NA,NA,NA,ID4
AUH,NA,NA,NA,NA,NA,NA,IER2
AVL9,NA,NA,NA,NA,NA,NA,IER5
BAG5,NA,NA,NA,NA,NA,NA,IFI35
BAI1,NA,NA,NA,NA,NA,NA,IGFALS
BPHL,NA,NA,NA,NA,NA,NA,IGHMBP2
BRK1,NA,NA,NA,NA,NA,NA,IKZF1
BTBD11,NA,NA,NA,NA,NA,NA,IKZF2
C1QC,NA,NA,NA,NA,NA,NA,IKZF4
C22orf28,NA,NA,NA,NA,NA,NA,IKZF5
C2CD2L,NA,NA,NA,NA,NA,NA,IL15
C2CD4C,NA,NA,NA,NA,NA,NA,IL33
C2CD5,NA,NA,NA,NA,NA,NA,INCA1
C3,NA,NA,NA,NA,NA,NA,INCENP
CA2,NA,NA,NA,NA,NA,NA,ING1
CAB39,NA,NA,NA,NA,NA,NA,ING2
CACNA1B,NA,NA,NA,NA,NA,NA,ING3
CACNA1C,NA,NA,NA,NA,NA,NA,ING4
CACNG8,NA,NA,NA,NA,NA,NA,INIP
CAD,NA,NA,NA,NA,NA,NA,INO80
CADM1,NA,NA,NA,NA,NA,NA,INO80B
CALB2,NA,NA,NA,NA,NA,NA,INO80C
CAMSAP3,NA,NA,NA,NA,NA,NA,INO80E
CAND2,NA,NA,NA,NA,NA,NA,INSM2
CAPG,NA,NA,NA,NA,NA,NA,INTS1
CAPN2,NA,NA,NA,NA,NA,NA,INTS10
CAPRIN1,NA,NA,NA,NA,NA,NA,INTS11
CAT,NA,NA,NA,NA,NA,NA,INTS5
CBR3,NA,NA,NA,NA,NA,NA,INTS7
CCDC6,NA,NA,NA,NA,NA,NA,INTS9
CCT6B,NA,NA,NA,NA,NA,NA,IP6K1
CD47,NA,NA,NA,NA,NA,NA,IP6K2
CD81,NA,NA,NA,NA,NA,NA,IP6K3
CDH4,NA,NA,NA,NA,NA,NA,IPMK
CDIPT,NA,NA,NA,NA,NA,NA,IPO11
CDK5RAP3,NA,NA,NA,NA,NA,NA,IPO8
CDS2,NA,NA,NA,NA,NA,NA,IRF1
CEP170,NA,NA,NA,NA,NA,NA,IRF2
CEP170B,NA,NA,NA,NA,NA,NA,IRF2BP1
CFL2,NA,NA,NA,NA,NA,NA,IRF2BP2
CHMP2B,NA,NA,NA,NA,NA,NA,IRF2BPL
CHMP6,NA,NA,NA,NA,NA,NA,IRF4
CKMT1B,NA,NA,NA,NA,NA,NA,IRF8
CLCN6,NA,NA,NA,NA,NA,NA,IRX2
CLDN11,NA,NA,NA,NA,NA,NA,IRX5
CLIP1,NA,NA,NA,NA,NA,NA,IRX6
CLIP3,NA,NA,NA,NA,NA,NA,ISG20
CLMN,NA,NA,NA,NA,NA,NA,ISG20L2
CLSTN1,NA,NA,NA,NA,NA,NA,ISL1
CNIH2,NA,NA,NA,NA,NA,NA,ISX
CNOT1,NA,NA,NA,NA,NA,NA,ITCH
CNR1,NA,NA,NA,NA,NA,NA,ITFG2
CNRIP1,NA,NA,NA,NA,NA,NA,ITGB3BP
COMTD1,NA,NA,NA,NA,NA,NA,ITPKB
COPB1,NA,NA,NA,NA,NA,NA,ITPKC
COQ10B,NA,NA,NA,NA,NA,NA,IWS1
CPNE2,NA,NA,NA,NA,NA,NA,JADE1
CPNE3,NA,NA,NA,NA,NA,NA,JADE2
CPNE4,NA,NA,NA,NA,NA,NA,JADE3
CSDE1,NA,NA,NA,NA,NA,NA,JAK2
CSNK1G3,NA,NA,NA,NA,NA,NA,JAZF1
CSNK2B,NA,NA,NA,NA,NA,NA,JDP2
CSPG5,NA,NA,NA,NA,NA,NA,JMJD6
CYB5R3,NA,NA,NA,NA,NA,NA,JPH1
CYP46A1,NA,NA,NA,NA,NA,NA,JRK
CYTH2,NA,NA,NA,NA,NA,NA,JUN
DAD1,NA,NA,NA,NA,NA,NA,JUNB
DAGLA,NA,NA,NA,NA,NA,NA,JUND
DCX,NA,NA,NA,NA,NA,NA,KANSL1
DDB1,NA,NA,NA,NA,NA,NA,KANSL3
DDX39B,NA,NA,NA,NA,NA,NA,KAT2B
DGKE,NA,NA,NA,NA,NA,NA,KAT5
DHRS4,NA,NA,NA,NA,NA,NA,KAT6A
DMTN,NA,NA,NA,NA,NA,NA,KAT6B
DNAJC13,NA,NA,NA,NA,NA,NA,KAT8
DOC2A,NA,NA,NA,NA,NA,NA,KCTD10
DOCK1,NA,NA,NA,NA,NA,NA,KCTD13
DOCK2,NA,NA,NA,NA,NA,NA,KDM1B
DOCK5,NA,NA,NA,NA,NA,NA,KDM2A
DRG2,NA,NA,NA,NA,NA,NA,KDM2B
DYNLT3,NA,NA,NA,NA,NA,NA,KDM3A
ECI2,NA,NA,NA,NA,NA,NA,KDM3B
EHD4,NA,NA,NA,NA,NA,NA,KDM4A
EIF2AK2,NA,NA,NA,NA,NA,NA,KDM4D
EIF4A1,NA,NA,NA,NA,NA,NA,KDM5C
EIF4E,NA,NA,NA,NA,NA,NA,KDM5D
EIF4H,NA,NA,NA,NA,NA,NA,KDM6B
EIF5A,NA,NA,NA,NA,NA,NA,KDM7A
ELFN2,NA,NA,NA,NA,NA,NA,KDM8
EMC1,NA,NA,NA,NA,NA,NA,KHDRBS3
ENAH,NA,NA,NA,NA,NA,NA,KIF23
ENDOD1,NA,NA,NA,NA,NA,NA,KLF11
ENDOG,NA,NA,NA,NA,NA,NA,KLF12
ENO3,NA,NA,NA,NA,NA,NA,KLF16
EPB49,NA,NA,NA,NA,NA,NA,KLF2
EPDR1,NA,NA,NA,NA,NA,NA,KLF3
EPN1,NA,NA,NA,NA,NA,NA,KLF6
ERBB2IP,NA,NA,NA,NA,NA,NA,KLF8
ERGIC1,NA,NA,NA,NA,NA,NA,KLF9
ERP44,NA,NA,NA,NA,NA,NA,KLHDC10
ESYT1,NA,NA,NA,NA,NA,NA,KLHDC2
ETFA,NA,NA,NA,NA,NA,NA,KLHDC3
ETFDH,NA,NA,NA,NA,NA,NA,KLHL7
EXOC6,NA,NA,NA,NA,NA,NA,KLHL8
FABP3,NA,NA,NA,NA,NA,NA,KMT2A
FAF2,NA,NA,NA,NA,NA,NA,KMT2C
FAM213A,NA,NA,NA,NA,NA,NA,KMT2D
FAM82A2,NA,NA,NA,NA,NA,NA,KPNA2
FAM98A,NA,NA,NA,NA,NA,NA,KPNA4
FDPS,NA,NA,NA,NA,NA,NA,KRI1
FGG,NA,NA,NA,NA,NA,NA,L3MBTL1
FKBP2,NA,NA,NA,NA,NA,NA,L3MBTL3
FKBP4,NA,NA,NA,NA,NA,NA,L3MBTL4
FMNL3,NA,NA,NA,NA,NA,NA,LAGE3
FMR1,NA,NA,NA,NA,NA,NA,LAS1L
FXR1,NA,NA,NA,NA,NA,NA,LBX1
G6PD,NA,NA,NA,NA,NA,NA,LBX2
GABRA2,NA,NA,NA,NA,NA,NA,LCOR
GABRB1,NA,NA,NA,NA,NA,NA,LCORL
GABRB3,NA,NA,NA,NA,NA,NA,LDB1
GAD2,NA,NA,NA,NA,NA,NA,LDB2
GARS,NA,NA,NA,NA,NA,NA,LDOC1
GDA,NA,NA,NA,NA,NA,NA,LEF1
GLOD4,NA,NA,NA,NA,NA,NA,LEMD3
GNB2L1,NA,NA,NA,NA,NA,NA,LEO1
GOLGA7B,NA,NA,NA,NA,NA,NA,LGALS3
GPM6B,NA,NA,NA,NA,NA,NA,LHX2
GRB2,NA,NA,NA,NA,NA,NA,LHX4
GRHPR,NA,NA,NA,NA,NA,NA,LHX8
GRID1,NA,NA,NA,NA,NA,NA,LHX9
GRID2,NA,NA,NA,NA,NA,NA,LIG1
GRIK5,NA,NA,NA,NA,NA,NA,LIG4
GRIP1,NA,NA,NA,NA,NA,NA,LIMD1
GRM7,NA,NA,NA,NA,NA,NA,LIMK2
GSTO1,NA,NA,NA,NA,NA,NA,LIN28B
GSTP1,NA,NA,NA,NA,NA,NA,LIN52
GUCY1A2,NA,NA,NA,NA,NA,NA,LIN9
H1F0,NA,NA,NA,NA,NA,NA,LITAF
HACD3,NA,NA,NA,NA,NA,NA,LLPH
HAPLN4,NA,NA,NA,NA,NA,NA,LMCD1
HARS,NA,NA,NA,NA,NA,NA,LMNTD1
HCK,NA,NA,NA,NA,NA,NA,LMO2
HCN1,NA,NA,NA,NA,NA,NA,LMX1A
HEPACAM,NA,NA,NA,NA,NA,NA,LMX1B
HIBCH,NA,NA,NA,NA,NA,NA,LOXL2
HIGD1A,NA,NA,NA,NA,NA,NA,LPIN1
HINT1,NA,NA,NA,NA,NA,NA,LRCH4
HIP1,NA,NA,NA,NA,NA,NA,LRIF1
HIST1H1C,NA,NA,NA,NA,NA,NA,LRRC41
HIST1H4A,NA,NA,NA,NA,NA,NA,LSM10
HMGB1,NA,NA,NA,NA,NA,NA,LSM11
HNRNPC,NA,NA,NA,NA,NA,NA,LSM2
HNRNPH1,NA,NA,NA,NA,NA,NA,LSM3
HNRNPL,NA,NA,NA,NA,NA,NA,LSM6
HNRNPU,NA,NA,NA,NA,NA,NA,LSM7
HP1BP3,NA,NA,NA,NA,NA,NA,LSM8
HPCAL1,NA,NA,NA,NA,NA,NA,LUC7L
HSD17B10,NA,NA,NA,NA,NA,NA,LUC7L2
HSD17B8,NA,NA,NA,NA,NA,NA,LYRM1
HSPA4,NA,NA,NA,NA,NA,NA,LYSMD1
HYOU1,NA,NA,NA,NA,NA,NA,MAB21L1
IARS,NA,NA,NA,NA,NA,NA,MAB21L2
IMPA1,NA,NA,NA,NA,NA,NA,MACROD2
IQGAP1,NA,NA,NA,NA,NA,NA,MAD2L1
IST1,NA,NA,NA,NA,NA,NA,MAD2L1BP
ITFG1,NA,NA,NA,NA,NA,NA,MAEA
ITM2B,NA,NA,NA,NA,NA,NA,MAF1
ITSN2,NA,NA,NA,NA,NA,NA,MAFB
KCND2,NA,NA,NA,NA,NA,NA,MAFF
KCNJ4,NA,NA,NA,NA,NA,NA,MAFG
KCNMA1,NA,NA,NA,NA,NA,NA,MAFK
KCTD8,NA,NA,NA,NA,NA,NA,MAGEA10
KHDRBS1,NA,NA,NA,NA,NA,NA,MAGEA4
KIAA0196,NA,NA,NA,NA,NA,NA,MAGI1
KIAA0284,NA,NA,NA,NA,NA,NA,MALT1
KIAA0408,NA,NA,NA,NA,NA,NA,MAML1
KIAA1033,NA,NA,NA,NA,NA,NA,MAML2
KIAA1045,NA,NA,NA,NA,NA,NA,MAML3
KIAA1598,NA,NA,NA,NA,NA,NA,MAMLD1
KIF20B,NA,NA,NA,NA,NA,NA,MAMSTR
KPNA3,NA,NA,NA,NA,NA,NA,MAN2C1
KRT1,NA,NA,NA,NA,NA,NA,MAPK12
KRT2,NA,NA,NA,NA,NA,NA,MAPK13
KRT5,NA,NA,NA,NA,NA,NA,MAPK14
KRT6A,NA,NA,NA,NA,NA,NA,MAPK15
LACTB,NA,NA,NA,NA,NA,NA,MAPK7
LANCL1,NA,NA,NA,NA,NA,NA,MAPKAP1
LAP3,NA,NA,NA,NA,NA,NA,MAPKAPK2
LIPE,NA,NA,NA,NA,NA,NA,MAPKAPK3
LMNA,NA,NA,NA,NA,NA,NA,MAPKBP1
LMNB1,NA,NA,NA,NA,NA,NA,MASTL
LMO7,NA,NA,NA,NA,NA,NA,MAU2
LMTK2,NA,NA,NA,NA,NA,NA,MAZ
LMTK3,NA,NA,NA,NA,NA,NA,MBD1
LRFN2,NA,NA,NA,NA,NA,NA,MBD2
LRPAP1,NA,NA,NA,NA,NA,NA,MBD4
LRRC40,NA,NA,NA,NA,NA,NA,MBD5
LRRC4B,NA,NA,NA,NA,NA,NA,MBD6
LRRTM1,NA,NA,NA,NA,NA,NA,MBNL1
LRRTM2,NA,NA,NA,NA,NA,NA,MBNL2
LRRTM4,NA,NA,NA,NA,NA,NA,MBTD1
LRSAM1,NA,NA,NA,NA,NA,NA,MCC
LYNX1,NA,NA,NA,NA,NA,NA,MCIDAS
LZTS3,NA,NA,NA,NA,NA,NA,MCM10
MAP1LC3B,NA,NA,NA,NA,NA,NA,MCM2
MAP2K4,NA,NA,NA,NA,NA,NA,MCM3
MAPRE1,NA,NA,NA,NA,NA,NA,MCM4
MAST1,NA,NA,NA,NA,NA,NA,MCM5
MATR3,NA,NA,NA,NA,NA,NA,MCM6
MGST3,NA,NA,NA,NA,NA,NA,MCM7
MICU3,NA,NA,NA,NA,NA,NA,MCM8
MIF,NA,NA,NA,NA,NA,NA,MCM9
MLC1,NA,NA,NA,NA,NA,NA,MCMBP
MOBP,NA,NA,NA,NA,NA,NA,MDC1
MOSC2,NA,NA,NA,NA,NA,NA,MDFI
MPC2,NA,NA,NA,NA,NA,NA,MDFIC
MPP3,NA,NA,NA,NA,NA,NA,MDM2
MRPS22,NA,NA,NA,NA,NA,NA,MDM4
MSN,NA,NA,NA,NA,NA,NA,MECOM
MT-ATP8,NA,NA,NA,NA,NA,NA,MED1
MT-ND4,NA,NA,NA,NA,NA,NA,MED11
MT-ND5,NA,NA,NA,NA,NA,NA,MED12L
MTFR1L,NA,NA,NA,NA,NA,NA,MED13
MTMR2,NA,NA,NA,NA,NA,NA,MED13L
MTOR,NA,NA,NA,NA,NA,NA,MED14
MVP,NA,NA,NA,NA,NA,NA,MED16
MYADM,NA,NA,NA,NA,NA,NA,MED17
NACA,NA,NA,NA,NA,NA,NA,MED18
NAP1L1,NA,NA,NA,NA,NA,NA,MED19
NARS,NA,NA,NA,NA,NA,NA,MED21
NCL,NA,NA,NA,NA,NA,NA,MED22
NCLN,NA,NA,NA,NA,NA,NA,MED23
NDEL1,NA,NA,NA,NA,NA,NA,MED25
NDUFA6,NA,NA,NA,NA,NA,NA,MED26
NDUFAB1,NA,NA,NA,NA,NA,NA,MED28
NDUFB11,NA,NA,NA,NA,NA,NA,MED29
NDUFB3,NA,NA,NA,NA,NA,NA,MED30
NDUFB5,NA,NA,NA,NA,NA,NA,MED31
NDUFS5,NA,NA,NA,NA,NA,NA,MED4
NEO1,NA,NA,NA,NA,NA,NA,MED6
NETO1,NA,NA,NA,NA,NA,NA,MED7
NFU1,NA,NA,NA,NA,NA,NA,MED9
NLGN1,NA,NA,NA,NA,NA,NA,MEF2A
NME2,NA,NA,NA,NA,NA,NA,MEF2C
NNT,NA,NA,NA,NA,NA,NA,MEF2D
NRAS,NA,NA,NA,NA,NA,NA,MEIOB
NRN1,NA,NA,NA,NA,NA,NA,MEIS1
NT5E,NA,NA,NA,NA,NA,NA,MEIS2
NTRK3,NA,NA,NA,NA,NA,NA,MEIS3
NUDCD2,NA,NA,NA,NA,NA,NA,MEN1
OCIAD1,NA,NA,NA,NA,NA,NA,MESP1
OCIAD2,NA,NA,NA,NA,NA,NA,METTL1
OLFM2,NA,NA,NA,NA,NA,NA,METTL14
OSBPL8,NA,NA,NA,NA,NA,NA,METTL16
P4HB,NA,NA,NA,NA,NA,NA,METTL22
PACSIN2,NA,NA,NA,NA,NA,NA,MFSD8
PARP1,NA,NA,NA,NA,NA,NA,MGMT
PCSK1N,NA,NA,NA,NA,NA,NA,MGST2
PDCD6,NA,NA,NA,NA,NA,NA,MICAL3
PDE10A,NA,NA,NA,NA,NA,NA,MIDN
PDE1A,NA,NA,NA,NA,NA,NA,MIER1
PDE1B,NA,NA,NA,NA,NA,NA,MIER2
PDE4B,NA,NA,NA,NA,NA,NA,MIER3
PDLIM5,NA,NA,NA,NA,NA,NA,MIOS
PDXP,NA,NA,NA,NA,NA,NA,MIXL1
PGD,NA,NA,NA,NA,NA,NA,MKNK1
PHLDB1,NA,NA,NA,NA,NA,NA,MKNK2
PHYHIPL,NA,NA,NA,NA,NA,NA,MKX
PI4K2A,NA,NA,NA,NA,NA,NA,MLF1
PICK1,NA,NA,NA,NA,NA,NA,MLH1
PIK3C3,NA,NA,NA,NA,NA,NA,MLH3
PIK3R4,NA,NA,NA,NA,NA,NA,MLIP
PITPNM2,NA,NA,NA,NA,NA,NA,MLLT1
PLAA,NA,NA,NA,NA,NA,NA,MLLT10
PLCD1,NA,NA,NA,NA,NA,NA,MLLT3
PLEC,NA,NA,NA,NA,NA,NA,MLX
PLEKHA1,NA,NA,NA,NA,NA,NA,MLXIPL
PLLP,NA,NA,NA,NA,NA,NA,MMS22L
PLPP3,NA,NA,NA,NA,NA,NA,MNAT1
PLPPR4,NA,NA,NA,NA,NA,NA,MND1
PLXNA3,NA,NA,NA,NA,NA,NA,MNS1
PLXNC1,NA,NA,NA,NA,NA,NA,MNX1
PLXND1,NA,NA,NA,NA,NA,NA,MOAP1
PMM1,NA,NA,NA,NA,NA,NA,MOB2
PPID,NA,NA,NA,NA,NA,NA,MORC2A
PPM1H,NA,NA,NA,NA,NA,NA,MORC3
PPP2R2A,NA,NA,NA,NA,NA,NA,MORC4
PPP2R5E,NA,NA,NA,NA,NA,NA,MORF4L2
PPP5C,NA,NA,NA,NA,NA,NA,MORN2
PPP6C,NA,NA,NA,NA,NA,NA,MOSPD1
PREB,NA,NA,NA,NA,NA,NA,MPLKIP
PRICKLE2,NA,NA,NA,NA,NA,NA,MRFAP1
PRKAR1B,NA,NA,NA,NA,NA,NA,MRGBP
PRKCD,NA,NA,NA,NA,NA,NA,MRGPRF
PRMT5,NA,NA,NA,NA,NA,NA,MSANTD4
PRPF8,NA,NA,NA,NA,NA,NA,MSC
PRUNE2,NA,NA,NA,NA,NA,NA,MSH2
PSAP,NA,NA,NA,NA,NA,NA,MSH3
PSMA4,NA,NA,NA,NA,NA,NA,MSH6
PSMB6,NA,NA,NA,NA,NA,NA,MSL1
PSMC4,NA,NA,NA,NA,NA,NA,MSL3
PSMD1,NA,NA,NA,NA,NA,NA,MSRB1
PSMD12,NA,NA,NA,NA,NA,NA,MSX1
PSMD4,NA,NA,NA,NA,NA,NA,MSX2
PSMD6,NA,NA,NA,NA,NA,NA,MTF1
PSMD7,NA,NA,NA,NA,NA,NA,MTF2
PSMD8,NA,NA,NA,NA,NA,NA,MTREX
PTGES2,NA,NA,NA,NA,NA,NA,MUS81
PTPLAD1,NA,NA,NA,NA,NA,NA,MUTYH
PTPN5,NA,NA,NA,NA,NA,NA,MVB12A
PTPRE,NA,NA,NA,NA,NA,NA,MX1
PTPRN2,NA,NA,NA,NA,NA,NA,MXD3
PYCRL,NA,NA,NA,NA,NA,NA,MXI1
QARS,NA,NA,NA,NA,NA,NA,MXRA8
RAB13,NA,NA,NA,NA,NA,NA,MYB
RAB15,NA,NA,NA,NA,NA,NA,MYBL1
RAB33B,NA,NA,NA,NA,NA,NA,MYC
RAB3B,NA,NA,NA,NA,NA,NA,MYCL
RAB7A,NA,NA,NA,NA,NA,NA,MYCN
RACK1,NA,NA,NA,NA,NA,NA,MYF5
RAP2B,NA,NA,NA,NA,NA,NA,MYNN
RCN2,NA,NA,NA,NA,NA,NA,MYOD1
RDH11,NA,NA,NA,NA,NA,NA,MYOG
RDX,NA,NA,NA,NA,NA,NA,MYPN
REEP5,NA,NA,NA,NA,NA,NA,MYPOP
RGS14,NA,NA,NA,NA,NA,NA,MYRF
RGS17,NA,NA,NA,NA,NA,NA,MYRFL
RGS6,NA,NA,NA,NA,NA,NA,MYT1
RHOT2,NA,NA,NA,NA,NA,NA,MZF1
RIC8A,NA,NA,NA,NA,NA,NA,N4BP1
RIMS2,NA,NA,NA,NA,NA,NA,N4BP2L2
RMDN3,NA,NA,NA,NA,NA,NA,NAA38
ROCK1,NA,NA,NA,NA,NA,NA,NAB1
RP2,NA,NA,NA,NA,NA,NA,NAB2
RPL15,NA,NA,NA,NA,NA,NA,NABP1
RPL27A,NA,NA,NA,NA,NA,NA,NABP2
RPL29,NA,NA,NA,NA,NA,NA,NAF1
RPL32,NA,NA,NA,NA,NA,NA,NAIF1
RPL37A,NA,NA,NA,NA,NA,NA,NAMPT
RPLP1,NA,NA,NA,NA,NA,NA,NANOG
RPLP2,NA,NA,NA,NA,NA,NA,NAP1L5
RPS12,NA,NA,NA,NA,NA,NA,NARF
RPS21,NA,NA,NA,NA,NA,NA,NASP
RPS26,NA,NA,NA,NA,NA,NA,NAV2
RPS27A,NA,NA,NA,NA,NA,NA,NAV3
RRAS2,NA,NA,NA,NA,NA,NA,NBN
RTCB,NA,NA,NA,NA,NA,NA,NCAPD3
RTN4RL2,NA,NA,NA,NA,NA,NA,NCAPG2
S100B,NA,NA,NA,NA,NA,NA,NCAPH2
SCFD1,NA,NA,NA,NA,NA,NA,NCOA1
SDHB,NA,NA,NA,NA,NA,NA,NCOA3
SEC14L2,NA,NA,NA,NA,NA,NA,NCOA6
SGTA,NA,NA,NA,NA,NA,NA,NCOA7
SH3PXD2A,NA,NA,NA,NA,NA,NA,NCOR2
SIRT5,NA,NA,NA,NA,NA,NA,NDC1
SKIV2L,NA,NA,NA,NA,NA,NA,NDC80
SLC12A6,NA,NA,NA,NA,NA,NA,NECAB1
SLC1A4,NA,NA,NA,NA,NA,NA,NEDD8
SLC25A23,NA,NA,NA,NA,NA,NA,NEIL1
SLC30A9,NA,NA,NA,NA,NA,NA,NEIL2
SLC4A10,NA,NA,NA,NA,NA,NA,NEIL3
SLC4A3,NA,NA,NA,NA,NA,NA,NEK1
SLC6A9,NA,NA,NA,NA,NA,NA,NEK11
SLC9A3R2,NA,NA,NA,NA,NA,NA,NEK2
SMAP1,NA,NA,NA,NA,NA,NA,NEK7
SNAP47,NA,NA,NA,NA,NA,NA,NELFA
SNRNP200,NA,NA,NA,NA,NA,NA,NELFB
SNTB1,NA,NA,NA,NA,NA,NA,NELFCD
SNX9,NA,NA,NA,NA,NA,NA,NELFE
SOD2,NA,NA,NA,NA,NA,NA,NEMF
SPARCL1,NA,NA,NA,NA,NA,NA,NEMP1
SPTB,NA,NA,NA,NA,NA,NA,NEMP2
SRCIN1,NA,NA,NA,NA,NA,NA,NENF
SRPRB,NA,NA,NA,NA,NA,NA,NET1
STAT3,NA,NA,NA,NA,NA,NA,NEUROD2
STIM1,NA,NA,NA,NA,NA,NA,NFAT5
STIP1,NA,NA,NA,NA,NA,NA,NFATC1
STK38L,NA,NA,NA,NA,NA,NA,NFATC2IP
STX4,NA,NA,NA,NA,NA,NA,NFE2L1
SUB1,NA,NA,NA,NA,NA,NA,NFE2L2
SV2B,NA,NA,NA,NA,NA,NA,NFE2L3
SYNJ2BP,NA,NA,NA,NA,NA,NA,NFIA
SYT12,NA,NA,NA,NA,NA,NA,NFIB
TAGLN2,NA,NA,NA,NA,NA,NA,NFIC
TARDBP,NA,NA,NA,NA,NA,NA,NFIL3
TBC1D17,NA,NA,NA,NA,NA,NA,NFKB1
TBC1D9B,NA,NA,NA,NA,NA,NA,NFKBIE
TBRG4,NA,NA,NA,NA,NA,NA,NFKBIZ
TCP11L1,NA,NA,NA,NA,NA,NA,NFRKB
TECR,NA,NA,NA,NA,NA,NA,NFXL1
TIMM44,NA,NA,NA,NA,NA,NA,NFYA
TMEM11,NA,NA,NA,NA,NA,NA,NGFR
TMEM126A,NA,NA,NA,NA,NA,NA,NHEJ1
TMEM132B,NA,NA,NA,NA,NA,NA,NHLH2
TMX4,NA,NA,NA,NA,NA,NA,NICN1
TNPO2,NA,NA,NA,NA,NA,NA,NIN
TNPO3,NA,NA,NA,NA,NA,NA,NKAP
TOMM20,NA,NA,NA,NA,NA,NA,NKX2-4
TOMM22,NA,NA,NA,NA,NA,NA,NKX2-5
TOMM40,NA,NA,NA,NA,NA,NA,NKX3-2
TPD52,NA,NA,NA,NA,NA,NA,NKX6-1
TPP1,NA,NA,NA,NA,NA,NA,NLE1
TPPP3,NA,NA,NA,NA,NA,NA,NLK
TPT1,NA,NA,NA,NA,NA,NA,NMD3
TRAPPC10,NA,NA,NA,NA,NA,NA,NMNAT1
TRAPPC9,NA,NA,NA,NA,NA,NA,NMRAL1
TRIM28,NA,NA,NA,NA,NA,NA,NMRK2
TRIM32,NA,NA,NA,NA,NA,NA,NOCT
TSFM,NA,NA,NA,NA,NA,NA,NOL12
TTC35,NA,NA,NA,NA,NA,NA,NOL3
TTYH1,NA,NA,NA,NA,NA,NA,NOL4
TUBA8,NA,NA,NA,NA,NA,NA,NOL4L
TUBB2C,NA,NA,NA,NA,NA,NA,NOL9
TXNDC5,NA,NA,NA,NA,NA,NA,NOP10
TXNRD2,NA,NA,NA,NA,NA,NA,NOSIP
UBAP2L,NA,NA,NA,NA,NA,NA,NOTCH1
UBB,NA,NA,NA,NA,NA,NA,NOTCH2
UBC,NA,NA,NA,NA,NA,NA,NOVA1
UBE2O,NA,NA,NA,NA,NA,NA,NOX4
UBE2V1,NA,NA,NA,NA,NA,NA,NPAS1
UBE3C,NA,NA,NA,NA,NA,NA,NPAS2
UQCR10,NA,NA,NA,NA,NA,NA,NPAS3
UQCRQ,NA,NA,NA,NA,NA,NA,NPAT
USP15,NA,NA,NA,NA,NA,NA,NPM2
USP46,NA,NA,NA,NA,NA,NA,NR0B1
VIPAS39,NA,NA,NA,NA,NA,NA,NR1D1
VPS13C,NA,NA,NA,NA,NA,NA,NR1D2
VPS26A,NA,NA,NA,NA,NA,NA,NR1H2
VPS39,NA,NA,NA,NA,NA,NA,NR1H4
VPS41,NA,NA,NA,NA,NA,NA,NR1I2
VPS8,NA,NA,NA,NA,NA,NA,NR1I3
VTI1B,NA,NA,NA,NA,NA,NA,NR2C2AP
WDR13,NA,NA,NA,NA,NA,NA,NR2E1
WIPF2,NA,NA,NA,NA,NA,NA,NR4A2
WIPI2,NA,NA,NA,NA,NA,NA,NR6A1
WNK2,NA,NA,NA,NA,NA,NA,NRBF2
XPO7,NA,NA,NA,NA,NA,NA,NRG1
YKT6,NA,NA,NA,NA,NA,NA,NRIP1
ZADH2,NA,NA,NA,NA,NA,NA,NRL
NA,NA,NA,NA,NA,NA,NA,NRM
NA,NA,NA,NA,NA,NA,NA,NSD2
NA,NA,NA,NA,NA,NA,NA,NSL1
NA,NA,NA,NA,NA,NA,NA,NSMCE1
NA,NA,NA,NA,NA,NA,NA,NSMCE2
NA,NA,NA,NA,NA,NA,NA,NSMCE3
NA,NA,NA,NA,NA,NA,NA,NSMCE4A
NA,NA,NA,NA,NA,NA,NA,NSMF
NA,NA,NA,NA,NA,NA,NA,NSRP1
NA,NA,NA,NA,NA,NA,NA,NSUN2
NA,NA,NA,NA,NA,NA,NA,NSUN5
NA,NA,NA,NA,NA,NA,NA,NTAN1
NA,NA,NA,NA,NA,NA,NA,NTMT1
NA,NA,NA,NA,NA,NA,NA,NUAK1
NA,NA,NA,NA,NA,NA,NA,NUAK2
NA,NA,NA,NA,NA,NA,NA,NUB1
NA,NA,NA,NA,NA,NA,NA,NUCKS1
NA,NA,NA,NA,NA,NA,NA,NUDCD1
NA,NA,NA,NA,NA,NA,NA,NUDT16
NA,NA,NA,NA,NA,NA,NA,NUDT16L1
NA,NA,NA,NA,NA,NA,NA,NUDT22
NA,NA,NA,NA,NA,NA,NA,NUF2
NA,NA,NA,NA,NA,NA,NA,NUFIP2
NA,NA,NA,NA,NA,NA,NA,NUP160
NA,NA,NA,NA,NA,NA,NA,NUP205
NA,NA,NA,NA,NA,NA,NA,NUP210
NA,NA,NA,NA,NA,NA,NA,NUP210L
NA,NA,NA,NA,NA,NA,NA,NUP62
NA,NA,NA,NA,NA,NA,NA,NUP98
NA,NA,NA,NA,NA,NA,NA,NUPL1
NA,NA,NA,NA,NA,NA,NA,NUPL2
NA,NA,NA,NA,NA,NA,NA,NUPR1
NA,NA,NA,NA,NA,NA,NA,NUSAP1
NA,NA,NA,NA,NA,NA,NA,NXF3
NA,NA,NA,NA,NA,NA,NA,OARD1
NA,NA,NA,NA,NA,NA,NA,OAZ3
NA,NA,NA,NA,NA,NA,NA,ODAM
NA,NA,NA,NA,NA,NA,NA,OGFOD1
NA,NA,NA,NA,NA,NA,NA,OGFR
NA,NA,NA,NA,NA,NA,NA,OGG1
NA,NA,NA,NA,NA,NA,NA,OIP5
NA,NA,NA,NA,NA,NA,NA,OLR1
NA,NA,NA,NA,NA,NA,NA,ONECUT2
NA,NA,NA,NA,NA,NA,NA,ONECUT3
NA,NA,NA,NA,NA,NA,NA,ORC6
NA,NA,NA,NA,NA,NA,NA,OSGEP
NA,NA,NA,NA,NA,NA,NA,OTUB2
NA,NA,NA,NA,NA,NA,NA,OTUD7A
NA,NA,NA,NA,NA,NA,NA,OTUD7B
NA,NA,NA,NA,NA,NA,NA,OVCA2
NA,NA,NA,NA,NA,NA,NA,OVOL1
NA,NA,NA,NA,NA,NA,NA,OVOL2
NA,NA,NA,NA,NA,NA,NA,P2RX6
NA,NA,NA,NA,NA,NA,NA,PAF1
NA,NA,NA,NA,NA,NA,NA,PAK7
NA,NA,NA,NA,NA,NA,NA,PALB2
NA,NA,NA,NA,NA,NA,NA,PAPOLA
NA,NA,NA,NA,NA,NA,NA,PAPOLG
NA,NA,NA,NA,NA,NA,NA,PARG
NA,NA,NA,NA,NA,NA,NA,PARN
NA,NA,NA,NA,NA,NA,NA,PARP10
NA,NA,NA,NA,NA,NA,NA,PARP12
NA,NA,NA,NA,NA,NA,NA,PARP3
NA,NA,NA,NA,NA,NA,NA,PARPBP
NA,NA,NA,NA,NA,NA,NA,PATZ1
NA,NA,NA,NA,NA,NA,NA,PAX2
NA,NA,NA,NA,NA,NA,NA,PAX3
NA,NA,NA,NA,NA,NA,NA,PAX5
NA,NA,NA,NA,NA,NA,NA,PAX6
NA,NA,NA,NA,NA,NA,NA,PAX8
NA,NA,NA,NA,NA,NA,NA,PAXBP1
NA,NA,NA,NA,NA,NA,NA,PBX1
NA,NA,NA,NA,NA,NA,NA,PBX2
NA,NA,NA,NA,NA,NA,NA,PBX3
NA,NA,NA,NA,NA,NA,NA,PCBD1
NA,NA,NA,NA,NA,NA,NA,PCGF1
NA,NA,NA,NA,NA,NA,NA,PCGF2
NA,NA,NA,NA,NA,NA,NA,PCGF3
NA,NA,NA,NA,NA,NA,NA,PCGF5
NA,NA,NA,NA,NA,NA,NA,PCGF6
NA,NA,NA,NA,NA,NA,NA,PCIF1
NA,NA,NA,NA,NA,NA,NA,PCLAF
NA,NA,NA,NA,NA,NA,NA,PCNA
NA,NA,NA,NA,NA,NA,NA,PCNP
NA,NA,NA,NA,NA,NA,NA,PCYT1A
NA,NA,NA,NA,NA,NA,NA,PDCD2
NA,NA,NA,NA,NA,NA,NA,PDCD4
NA,NA,NA,NA,NA,NA,NA,PDGFRA
NA,NA,NA,NA,NA,NA,NA,PDIK1L
NA,NA,NA,NA,NA,NA,NA,PDS5A
NA,NA,NA,NA,NA,NA,NA,PDX1
NA,NA,NA,NA,NA,NA,NA,PEG3
NA,NA,NA,NA,NA,NA,NA,PELI1
NA,NA,NA,NA,NA,NA,NA,PELO
NA,NA,NA,NA,NA,NA,NA,PEPD
NA,NA,NA,NA,NA,NA,NA,PEX3
NA,NA,NA,NA,NA,NA,NA,PFDN6
NA,NA,NA,NA,NA,NA,NA,PFKFB2
NA,NA,NA,NA,NA,NA,NA,PFKFB3
NA,NA,NA,NA,NA,NA,NA,PGBD5
NA,NA,NA,NA,NA,NA,NA,PHACTR3
NA,NA,NA,NA,NA,NA,NA,PHAX
NA,NA,NA,NA,NA,NA,NA,PHC1
NA,NA,NA,NA,NA,NA,NA,PHC3
NA,NA,NA,NA,NA,NA,NA,PHF1
NA,NA,NA,NA,NA,NA,NA,PHF10
NA,NA,NA,NA,NA,NA,NA,PHF12
NA,NA,NA,NA,NA,NA,NA,PHF20
NA,NA,NA,NA,NA,NA,NA,PHF20L1
NA,NA,NA,NA,NA,NA,NA,PHF23
NA,NA,NA,NA,NA,NA,NA,PHF3
NA,NA,NA,NA,NA,NA,NA,PHF6
NA,NA,NA,NA,NA,NA,NA,PHF7
NA,NA,NA,NA,NA,NA,NA,PHIP
NA,NA,NA,NA,NA,NA,NA,PHLDA1
NA,NA,NA,NA,NA,NA,NA,PHOX2A
NA,NA,NA,NA,NA,NA,NA,PHOX2B
NA,NA,NA,NA,NA,NA,NA,PHTF1
NA,NA,NA,NA,NA,NA,NA,PHTF2
NA,NA,NA,NA,NA,NA,NA,PIAS2
NA,NA,NA,NA,NA,NA,NA,PIAS3
NA,NA,NA,NA,NA,NA,NA,PIF1
NA,NA,NA,NA,NA,NA,NA,PIK3C2A
NA,NA,NA,NA,NA,NA,NA,PIK3C2B
NA,NA,NA,NA,NA,NA,NA,PIK3CB
NA,NA,NA,NA,NA,NA,NA,PIN4
NA,NA,NA,NA,NA,NA,NA,PINX1
NA,NA,NA,NA,NA,NA,NA,PITX1
NA,NA,NA,NA,NA,NA,NA,PITX2
NA,NA,NA,NA,NA,NA,NA,PKIG
NA,NA,NA,NA,NA,NA,NA,PKN1
NA,NA,NA,NA,NA,NA,NA,PKNOX1
NA,NA,NA,NA,NA,NA,NA,PKNOX2
NA,NA,NA,NA,NA,NA,NA,PKP1
NA,NA,NA,NA,NA,NA,NA,PLA2G15
NA,NA,NA,NA,NA,NA,NA,PLAG1
NA,NA,NA,NA,NA,NA,NA,PLAGL1
NA,NA,NA,NA,NA,NA,NA,PLAGL2
NA,NA,NA,NA,NA,NA,NA,PLCB3
NA,NA,NA,NA,NA,NA,NA,PLCXD2
NA,NA,NA,NA,NA,NA,NA,PLEKHG1
NA,NA,NA,NA,NA,NA,NA,PLK2
NA,NA,NA,NA,NA,NA,NA,PLPPR1
NA,NA,NA,NA,NA,NA,NA,PM20D2
NA,NA,NA,NA,NA,NA,NA,PMF1
NA,NA,NA,NA,NA,NA,NA,PML
NA,NA,NA,NA,NA,NA,NA,PMM2
NA,NA,NA,NA,NA,NA,NA,PMS1
NA,NA,NA,NA,NA,NA,NA,PMS2
NA,NA,NA,NA,NA,NA,NA,PNISR
NA,NA,NA,NA,NA,NA,NA,PNN
NA,NA,NA,NA,NA,NA,NA,PNRC1
NA,NA,NA,NA,NA,NA,NA,PNRC2
NA,NA,NA,NA,NA,NA,NA,POC5
NA,NA,NA,NA,NA,NA,NA,POGK
NA,NA,NA,NA,NA,NA,NA,POLA1
NA,NA,NA,NA,NA,NA,NA,POLA2
NA,NA,NA,NA,NA,NA,NA,POLB
NA,NA,NA,NA,NA,NA,NA,POLD1
NA,NA,NA,NA,NA,NA,NA,POLD2
NA,NA,NA,NA,NA,NA,NA,POLD3
NA,NA,NA,NA,NA,NA,NA,POLE
NA,NA,NA,NA,NA,NA,NA,POLE2
NA,NA,NA,NA,NA,NA,NA,POLE3
NA,NA,NA,NA,NA,NA,NA,POLE4
NA,NA,NA,NA,NA,NA,NA,POLH
NA,NA,NA,NA,NA,NA,NA,POLI
NA,NA,NA,NA,NA,NA,NA,POLK
NA,NA,NA,NA,NA,NA,NA,POLL
NA,NA,NA,NA,NA,NA,NA,POLM
NA,NA,NA,NA,NA,NA,NA,POLN
NA,NA,NA,NA,NA,NA,NA,POLR1A
NA,NA,NA,NA,NA,NA,NA,POLR1C
NA,NA,NA,NA,NA,NA,NA,POLR1D
NA,NA,NA,NA,NA,NA,NA,POLR1E
NA,NA,NA,NA,NA,NA,NA,POLR2A
NA,NA,NA,NA,NA,NA,NA,POLR2B
NA,NA,NA,NA,NA,NA,NA,POLR2C
NA,NA,NA,NA,NA,NA,NA,POLR2D
NA,NA,NA,NA,NA,NA,NA,POLR2E
NA,NA,NA,NA,NA,NA,NA,POLR2F
NA,NA,NA,NA,NA,NA,NA,POLR2H
NA,NA,NA,NA,NA,NA,NA,POLR2J
NA,NA,NA,NA,NA,NA,NA,POLR2K
NA,NA,NA,NA,NA,NA,NA,POLR2M
NA,NA,NA,NA,NA,NA,NA,POLR3A
NA,NA,NA,NA,NA,NA,NA,POLR3B
NA,NA,NA,NA,NA,NA,NA,POLR3C
NA,NA,NA,NA,NA,NA,NA,POLR3D
NA,NA,NA,NA,NA,NA,NA,POLR3E
NA,NA,NA,NA,NA,NA,NA,POLR3F
NA,NA,NA,NA,NA,NA,NA,POLR3G
NA,NA,NA,NA,NA,NA,NA,POLR3H
NA,NA,NA,NA,NA,NA,NA,POMP
NA,NA,NA,NA,NA,NA,NA,POP1
NA,NA,NA,NA,NA,NA,NA,POP5
NA,NA,NA,NA,NA,NA,NA,POP7
NA,NA,NA,NA,NA,NA,NA,POU2F1
NA,NA,NA,NA,NA,NA,NA,POU2F2
NA,NA,NA,NA,NA,NA,NA,POU3F1
NA,NA,NA,NA,NA,NA,NA,POU3F2
NA,NA,NA,NA,NA,NA,NA,POU4F3
NA,NA,NA,NA,NA,NA,NA,POU6F1
NA,NA,NA,NA,NA,NA,NA,PPAN
NA,NA,NA,NA,NA,NA,NA,PPARA
NA,NA,NA,NA,NA,NA,NA,PPARG
NA,NA,NA,NA,NA,NA,NA,PPARGC1A
NA,NA,NA,NA,NA,NA,NA,PPARGC1B
NA,NA,NA,NA,NA,NA,NA,PPHLN1
NA,NA,NA,NA,NA,NA,NA,PPIL1
NA,NA,NA,NA,NA,NA,NA,PPIL3
NA,NA,NA,NA,NA,NA,NA,PPIL4
NA,NA,NA,NA,NA,NA,NA,PPM1G
NA,NA,NA,NA,NA,NA,NA,PPM1M
NA,NA,NA,NA,NA,NA,NA,PPP1R10
NA,NA,NA,NA,NA,NA,NA,PPP1R13B
NA,NA,NA,NA,NA,NA,NA,PPP1R26
NA,NA,NA,NA,NA,NA,NA,PPP2CB
NA,NA,NA,NA,NA,NA,NA,PPP4C
NA,NA,NA,NA,NA,NA,NA,PPP4R2
NA,NA,NA,NA,NA,NA,NA,PPP4R3A
NA,NA,NA,NA,NA,NA,NA,PPP4R3B
NA,NA,NA,NA,NA,NA,NA,PPRC1
NA,NA,NA,NA,NA,NA,NA,PRCC
NA,NA,NA,NA,NA,NA,NA,PRDM1
NA,NA,NA,NA,NA,NA,NA,PRDM10
NA,NA,NA,NA,NA,NA,NA,PRDM12
NA,NA,NA,NA,NA,NA,NA,PRDM15
NA,NA,NA,NA,NA,NA,NA,PRDM16
NA,NA,NA,NA,NA,NA,NA,PRDM4
NA,NA,NA,NA,NA,NA,NA,PRDM5
NA,NA,NA,NA,NA,NA,NA,PRDM8
NA,NA,NA,NA,NA,NA,NA,PRICKLE1
NA,NA,NA,NA,NA,NA,NA,PRICKLE3
NA,NA,NA,NA,NA,NA,NA,PRIM2
NA,NA,NA,NA,NA,NA,NA,PRKAA1
NA,NA,NA,NA,NA,NA,NA,PRKAA2
NA,NA,NA,NA,NA,NA,NA,PRKAB2
NA,NA,NA,NA,NA,NA,NA,PRKAG1
NA,NA,NA,NA,NA,NA,NA,PRKD2
NA,NA,NA,NA,NA,NA,NA,PRKRIP1
NA,NA,NA,NA,NA,NA,NA,PRKX
NA,NA,NA,NA,NA,NA,NA,PRMT1
NA,NA,NA,NA,NA,NA,NA,PRMT6
NA,NA,NA,NA,NA,NA,NA,PRMT7
NA,NA,NA,NA,NA,NA,NA,PROSER1
NA,NA,NA,NA,NA,NA,NA,PROX1
NA,NA,NA,NA,NA,NA,NA,PRPF18
NA,NA,NA,NA,NA,NA,NA,PRPF31
NA,NA,NA,NA,NA,NA,NA,PRPF39
NA,NA,NA,NA,NA,NA,NA,PRPF40B
NA,NA,NA,NA,NA,NA,NA,PRR13
NA,NA,NA,NA,NA,NA,NA,PRR14
NA,NA,NA,NA,NA,NA,NA,PRRX1
NA,NA,NA,NA,NA,NA,NA,PRRX2
NA,NA,NA,NA,NA,NA,NA,PSKH1
NA,NA,NA,NA,NA,NA,NA,PSMA1
NA,NA,NA,NA,NA,NA,NA,PSMA6
NA,NA,NA,NA,NA,NA,NA,PSMB1
NA,NA,NA,NA,NA,NA,NA,PSMB2
NA,NA,NA,NA,NA,NA,NA,PSMB5
NA,NA,NA,NA,NA,NA,NA,PSMD13
NA,NA,NA,NA,NA,NA,NA,PSME2
NA,NA,NA,NA,NA,NA,NA,PSME3
NA,NA,NA,NA,NA,NA,NA,PSME4
NA,NA,NA,NA,NA,NA,NA,PSMG2
NA,NA,NA,NA,NA,NA,NA,PTBP1
NA,NA,NA,NA,NA,NA,NA,PTBP3
NA,NA,NA,NA,NA,NA,NA,PTEN
NA,NA,NA,NA,NA,NA,NA,PTF1A
NA,NA,NA,NA,NA,NA,NA,PTMA
NA,NA,NA,NA,NA,NA,NA,PTOV1
NA,NA,NA,NA,NA,NA,NA,PTPDC1
NA,NA,NA,NA,NA,NA,NA,PTPN14
NA,NA,NA,NA,NA,NA,NA,PTPN2
NA,NA,NA,NA,NA,NA,NA,PTPN6
NA,NA,NA,NA,NA,NA,NA,PTTG1IP
NA,NA,NA,NA,NA,NA,NA,PUF60
NA,NA,NA,NA,NA,NA,NA,PUM3
NA,NA,NA,NA,NA,NA,NA,PURG
NA,NA,NA,NA,NA,NA,NA,PUS3
NA,NA,NA,NA,NA,NA,NA,PUS7
NA,NA,NA,NA,NA,NA,NA,PUS7L
NA,NA,NA,NA,NA,NA,NA,PVALB
NA,NA,NA,NA,NA,NA,NA,PWP1
NA,NA,NA,NA,NA,NA,NA,PWWP2A
NA,NA,NA,NA,NA,NA,NA,PWWP2B
NA,NA,NA,NA,NA,NA,NA,PYGO1
NA,NA,NA,NA,NA,NA,NA,PYGO2
NA,NA,NA,NA,NA,NA,NA,PYROXD1
NA,NA,NA,NA,NA,NA,NA,QRICH1
NA,NA,NA,NA,NA,NA,NA,QSER1
NA,NA,NA,NA,NA,NA,NA,R3HCC1L
NA,NA,NA,NA,NA,NA,NA,R3HDM2
NA,NA,NA,NA,NA,NA,NA,R3HDM4
NA,NA,NA,NA,NA,NA,NA,RABGAP1L
NA,NA,NA,NA,NA,NA,NA,RABGGTA
NA,NA,NA,NA,NA,NA,NA,RACGAP1
NA,NA,NA,NA,NA,NA,NA,RAD1
NA,NA,NA,NA,NA,NA,NA,RAD17
NA,NA,NA,NA,NA,NA,NA,RAD18
NA,NA,NA,NA,NA,NA,NA,RAD23A
NA,NA,NA,NA,NA,NA,NA,RAD50
NA,NA,NA,NA,NA,NA,NA,RAD51AP1
NA,NA,NA,NA,NA,NA,NA,RAD51B
NA,NA,NA,NA,NA,NA,NA,RAD52
NA,NA,NA,NA,NA,NA,NA,RAD54L
NA,NA,NA,NA,NA,NA,NA,RAD54L2
NA,NA,NA,NA,NA,NA,NA,RAD9A
NA,NA,NA,NA,NA,NA,NA,RAE1
NA,NA,NA,NA,NA,NA,NA,RAF1
NA,NA,NA,NA,NA,NA,NA,RAI1
NA,NA,NA,NA,NA,NA,NA,RAI14
NA,NA,NA,NA,NA,NA,NA,RALGDS
NA,NA,NA,NA,NA,NA,NA,RALY
NA,NA,NA,NA,NA,NA,NA,RALYL
NA,NA,NA,NA,NA,NA,NA,RANBP17
NA,NA,NA,NA,NA,NA,NA,RANBP3
NA,NA,NA,NA,NA,NA,NA,RANBP9
NA,NA,NA,NA,NA,NA,NA,RANGRF
NA,NA,NA,NA,NA,NA,NA,RAPGEF5
NA,NA,NA,NA,NA,NA,NA,RAPH1
NA,NA,NA,NA,NA,NA,NA,RARA
NA,NA,NA,NA,NA,NA,NA,RARB
NA,NA,NA,NA,NA,NA,NA,RARG
NA,NA,NA,NA,NA,NA,NA,RASD1
NA,NA,NA,NA,NA,NA,NA,RASL11A
NA,NA,NA,NA,NA,NA,NA,RASSF2
NA,NA,NA,NA,NA,NA,NA,RAVER2
NA,NA,NA,NA,NA,NA,NA,RB1
NA,NA,NA,NA,NA,NA,NA,RBAK
NA,NA,NA,NA,NA,NA,NA,RBBP8
NA,NA,NA,NA,NA,NA,NA,RBBP9
NA,NA,NA,NA,NA,NA,NA,RBFOX1
NA,NA,NA,NA,NA,NA,NA,RBFOX3
NA,NA,NA,NA,NA,NA,NA,RBL1
NA,NA,NA,NA,NA,NA,NA,RBL2
NA,NA,NA,NA,NA,NA,NA,RBM10
NA,NA,NA,NA,NA,NA,NA,RBM11
NA,NA,NA,NA,NA,NA,NA,RBM12
NA,NA,NA,NA,NA,NA,NA,RBM15
NA,NA,NA,NA,NA,NA,NA,RBM24
NA,NA,NA,NA,NA,NA,NA,RBM26
NA,NA,NA,NA,NA,NA,NA,RBM33
NA,NA,NA,NA,NA,NA,NA,RBM34
NA,NA,NA,NA,NA,NA,NA,RBM39
NA,NA,NA,NA,NA,NA,NA,RBM41
NA,NA,NA,NA,NA,NA,NA,RBM45
NA,NA,NA,NA,NA,NA,NA,RBM48
NA,NA,NA,NA,NA,NA,NA,RBM5
NA,NA,NA,NA,NA,NA,NA,RBM6
NA,NA,NA,NA,NA,NA,NA,RBM8A
NA,NA,NA,NA,NA,NA,NA,RBMS2
NA,NA,NA,NA,NA,NA,NA,RBX1
NA,NA,NA,NA,NA,NA,NA,RCBTB1
NA,NA,NA,NA,NA,NA,NA,RCC2
NA,NA,NA,NA,NA,NA,NA,RCHY1
NA,NA,NA,NA,NA,NA,NA,RCOR1
NA,NA,NA,NA,NA,NA,NA,RCOR3
NA,NA,NA,NA,NA,NA,NA,RDM1
NA,NA,NA,NA,NA,NA,NA,REC8
NA,NA,NA,NA,NA,NA,NA,RECQL
NA,NA,NA,NA,NA,NA,NA,RECQL4
NA,NA,NA,NA,NA,NA,NA,RECQL5
NA,NA,NA,NA,NA,NA,NA,RELB
NA,NA,NA,NA,NA,NA,NA,RELT
NA,NA,NA,NA,NA,NA,NA,REPIN1
NA,NA,NA,NA,NA,NA,NA,RETSAT
NA,NA,NA,NA,NA,NA,NA,REV3L
NA,NA,NA,NA,NA,NA,NA,REXO1
NA,NA,NA,NA,NA,NA,NA,RFC1
NA,NA,NA,NA,NA,NA,NA,RFC5
NA,NA,NA,NA,NA,NA,NA,RFWD3
NA,NA,NA,NA,NA,NA,NA,RFX2
NA,NA,NA,NA,NA,NA,NA,RFX3
NA,NA,NA,NA,NA,NA,NA,RFX4
NA,NA,NA,NA,NA,NA,NA,RFX6
NA,NA,NA,NA,NA,NA,NA,RFX7
NA,NA,NA,NA,NA,NA,NA,RFX8
NA,NA,NA,NA,NA,NA,NA,RFXANK
NA,NA,NA,NA,NA,NA,NA,RFXAP
NA,NA,NA,NA,NA,NA,NA,RGCC
NA,NA,NA,NA,NA,NA,NA,RGS12
NA,NA,NA,NA,NA,NA,NA,RGS3
NA,NA,NA,NA,NA,NA,NA,RIF1
NA,NA,NA,NA,NA,NA,NA,RING1
NA,NA,NA,NA,NA,NA,NA,RITA1
NA,NA,NA,NA,NA,NA,NA,RLIM
NA,NA,NA,NA,NA,NA,NA,RMI2
NA,NA,NA,NA,NA,NA,NA,RMND5A
NA,NA,NA,NA,NA,NA,NA,RMND5B
NA,NA,NA,NA,NA,NA,NA,RNASEH2B
NA,NA,NA,NA,NA,NA,NA,RNASEH2C
NA,NA,NA,NA,NA,NA,NA,RNF10
NA,NA,NA,NA,NA,NA,NA,RNF111
NA,NA,NA,NA,NA,NA,NA,RNF126
NA,NA,NA,NA,NA,NA,NA,RNF13
NA,NA,NA,NA,NA,NA,NA,RNF165
NA,NA,NA,NA,NA,NA,NA,RNF168
NA,NA,NA,NA,NA,NA,NA,RNF169
NA,NA,NA,NA,NA,NA,NA,RNF20
NA,NA,NA,NA,NA,NA,NA,RNF208
NA,NA,NA,NA,NA,NA,NA,RNF34
NA,NA,NA,NA,NA,NA,NA,RNF38
NA,NA,NA,NA,NA,NA,NA,RNF6
NA,NA,NA,NA,NA,NA,NA,RNF7
NA,NA,NA,NA,NA,NA,NA,RNF8
NA,NA,NA,NA,NA,NA,NA,RNGTT
NA,NA,NA,NA,NA,NA,NA,RNMT
NA,NA,NA,NA,NA,NA,NA,RNPC3
NA,NA,NA,NA,NA,NA,NA,RORB
NA,NA,NA,NA,NA,NA,NA,RORC
NA,NA,NA,NA,NA,NA,NA,RP9
NA,NA,NA,NA,NA,NA,NA,RPA1
NA,NA,NA,NA,NA,NA,NA,RPA2
NA,NA,NA,NA,NA,NA,NA,RPAIN
NA,NA,NA,NA,NA,NA,NA,RPAP1
NA,NA,NA,NA,NA,NA,NA,RPF1
NA,NA,NA,NA,NA,NA,NA,RPP25L
NA,NA,NA,NA,NA,NA,NA,RPP30
NA,NA,NA,NA,NA,NA,NA,RPP38
NA,NA,NA,NA,NA,NA,NA,RPP40
NA,NA,NA,NA,NA,NA,NA,RPRD1A
NA,NA,NA,NA,NA,NA,NA,RPS6KA2
NA,NA,NA,NA,NA,NA,NA,RPS6KA3
NA,NA,NA,NA,NA,NA,NA,RPS6KA4
NA,NA,NA,NA,NA,NA,NA,RPS6KA5
NA,NA,NA,NA,NA,NA,NA,RPS6KB1
NA,NA,NA,NA,NA,NA,NA,RRAGC
NA,NA,NA,NA,NA,NA,NA,RRAGD
NA,NA,NA,NA,NA,NA,NA,RREB1
NA,NA,NA,NA,NA,NA,NA,RRM2B
NA,NA,NA,NA,NA,NA,NA,RRN3
NA,NA,NA,NA,NA,NA,NA,RRP1
NA,NA,NA,NA,NA,NA,NA,RRP15
NA,NA,NA,NA,NA,NA,NA,RRP36
NA,NA,NA,NA,NA,NA,NA,RSBN1
NA,NA,NA,NA,NA,NA,NA,RSC1A1
NA,NA,NA,NA,NA,NA,NA,RSL1D1
NA,NA,NA,NA,NA,NA,NA,RSPH1
NA,NA,NA,NA,NA,NA,NA,RSPH4A
NA,NA,NA,NA,NA,NA,NA,RSRC1
NA,NA,NA,NA,NA,NA,NA,RSRC2
NA,NA,NA,NA,NA,NA,NA,RTCA
NA,NA,NA,NA,NA,NA,NA,RTEL1
NA,NA,NA,NA,NA,NA,NA,RTF1
NA,NA,NA,NA,NA,NA,NA,RTKN2
NA,NA,NA,NA,NA,NA,NA,RUFY2
NA,NA,NA,NA,NA,NA,NA,RUNX1
NA,NA,NA,NA,NA,NA,NA,RUNX1T1
NA,NA,NA,NA,NA,NA,NA,RUNX2
NA,NA,NA,NA,NA,NA,NA,RXRA
NA,NA,NA,NA,NA,NA,NA,RYK
NA,NA,NA,NA,NA,NA,NA,S100A5
NA,NA,NA,NA,NA,NA,NA,S100PBP
NA,NA,NA,NA,NA,NA,NA,SAAL1
NA,NA,NA,NA,NA,NA,NA,SALL1
NA,NA,NA,NA,NA,NA,NA,SAMD11
NA,NA,NA,NA,NA,NA,NA,SAMHD1
NA,NA,NA,NA,NA,NA,NA,SAP130
NA,NA,NA,NA,NA,NA,NA,SAP18
NA,NA,NA,NA,NA,NA,NA,SAP25
NA,NA,NA,NA,NA,NA,NA,SAP30BP
NA,NA,NA,NA,NA,NA,NA,SAP30L
NA,NA,NA,NA,NA,NA,NA,SATB1
NA,NA,NA,NA,NA,NA,NA,SAXO2
NA,NA,NA,NA,NA,NA,NA,SBNO1
NA,NA,NA,NA,NA,NA,NA,SCAF4
NA,NA,NA,NA,NA,NA,NA,SCAND1
NA,NA,NA,NA,NA,NA,NA,SCAPER
NA,NA,NA,NA,NA,NA,NA,SCMH1
NA,NA,NA,NA,NA,NA,NA,SCML2
NA,NA,NA,NA,NA,NA,NA,SCML4
NA,NA,NA,NA,NA,NA,NA,SCNM1
NA,NA,NA,NA,NA,NA,NA,SCNN1G
NA,NA,NA,NA,NA,NA,NA,SCRT1
NA,NA,NA,NA,NA,NA,NA,SCRT2
NA,NA,NA,NA,NA,NA,NA,SDAD1
NA,NA,NA,NA,NA,NA,NA,SDE2
NA,NA,NA,NA,NA,NA,NA,SEC14L1
NA,NA,NA,NA,NA,NA,NA,SEL1L3
NA,NA,NA,NA,NA,NA,NA,SELENBP1
NA,NA,NA,NA,NA,NA,NA,SEMA4A
NA,NA,NA,NA,NA,NA,NA,SENP1
NA,NA,NA,NA,NA,NA,NA,SENP6
NA,NA,NA,NA,NA,NA,NA,SENP7
NA,NA,NA,NA,NA,NA,NA,SEPHS1
NA,NA,NA,NA,NA,NA,NA,SERTAD2
NA,NA,NA,NA,NA,NA,NA,SERTAD3
NA,NA,NA,NA,NA,NA,NA,SESN1
NA,NA,NA,NA,NA,NA,NA,SESN3
NA,NA,NA,NA,NA,NA,NA,SET
NA,NA,NA,NA,NA,NA,NA,SETBP1
NA,NA,NA,NA,NA,NA,NA,SETD1B
NA,NA,NA,NA,NA,NA,NA,SETD5
NA,NA,NA,NA,NA,NA,NA,SETD6
NA,NA,NA,NA,NA,NA,NA,SETD7
NA,NA,NA,NA,NA,NA,NA,SETDB1
NA,NA,NA,NA,NA,NA,NA,SETDB2
NA,NA,NA,NA,NA,NA,NA,SETMAR
NA,NA,NA,NA,NA,NA,NA,SF1
NA,NA,NA,NA,NA,NA,NA,SF3A2
NA,NA,NA,NA,NA,NA,NA,SF3B1
NA,NA,NA,NA,NA,NA,NA,SF3B2
NA,NA,NA,NA,NA,NA,NA,SFMBT1
NA,NA,NA,NA,NA,NA,NA,SFMBT2
NA,NA,NA,NA,NA,NA,NA,SFSWAP
NA,NA,NA,NA,NA,NA,NA,SGCG
NA,NA,NA,NA,NA,NA,NA,SGK1
NA,NA,NA,NA,NA,NA,NA,SGK2
NA,NA,NA,NA,NA,NA,NA,SGMS1
NA,NA,NA,NA,NA,NA,NA,SGO2A
NA,NA,NA,NA,NA,NA,NA,SGPP1
NA,NA,NA,NA,NA,NA,NA,SH3BGRL3
NA,NA,NA,NA,NA,NA,NA,SH3BP5
NA,NA,NA,NA,NA,NA,NA,SH3D21
NA,NA,NA,NA,NA,NA,NA,SH3RF2
NA,NA,NA,NA,NA,NA,NA,SHPRH
NA,NA,NA,NA,NA,NA,NA,SIAH2
NA,NA,NA,NA,NA,NA,NA,SIK3
NA,NA,NA,NA,NA,NA,NA,SIM1
NA,NA,NA,NA,NA,NA,NA,SIM2
NA,NA,NA,NA,NA,NA,NA,SIN3B
NA,NA,NA,NA,NA,NA,NA,SIPA1
NA,NA,NA,NA,NA,NA,NA,SIRT1
NA,NA,NA,NA,NA,NA,NA,SIRT6
NA,NA,NA,NA,NA,NA,NA,SIRT7
NA,NA,NA,NA,NA,NA,NA,SIVA1
NA,NA,NA,NA,NA,NA,NA,SIX1
NA,NA,NA,NA,NA,NA,NA,SIX2
NA,NA,NA,NA,NA,NA,NA,SIX3
NA,NA,NA,NA,NA,NA,NA,SIX4
NA,NA,NA,NA,NA,NA,NA,SIX6
NA,NA,NA,NA,NA,NA,NA,SKAP2
NA,NA,NA,NA,NA,NA,NA,SKI
NA,NA,NA,NA,NA,NA,NA,SKIL
NA,NA,NA,NA,NA,NA,NA,SLBP
NA,NA,NA,NA,NA,NA,NA,SLC38A9
NA,NA,NA,NA,NA,NA,NA,SLC39A11
NA,NA,NA,NA,NA,NA,NA,SLC4A1AP
NA,NA,NA,NA,NA,NA,NA,SLC7A6OS
NA,NA,NA,NA,NA,NA,NA,SLF1
NA,NA,NA,NA,NA,NA,NA,SLF2
NA,NA,NA,NA,NA,NA,NA,SLFN5
NA,NA,NA,NA,NA,NA,NA,SLTM
NA,NA,NA,NA,NA,NA,NA,SLX1B
NA,NA,NA,NA,NA,NA,NA,SLX4
NA,NA,NA,NA,NA,NA,NA,SMAD1
NA,NA,NA,NA,NA,NA,NA,SMAD2
NA,NA,NA,NA,NA,NA,NA,SMAD3
NA,NA,NA,NA,NA,NA,NA,SMAD5
NA,NA,NA,NA,NA,NA,NA,SMAD6
NA,NA,NA,NA,NA,NA,NA,SMAD9
NA,NA,NA,NA,NA,NA,NA,SMARCA2
NA,NA,NA,NA,NA,NA,NA,SMARCAL1
NA,NA,NA,NA,NA,NA,NA,SMARCD2
NA,NA,NA,NA,NA,NA,NA,SMC2
NA,NA,NA,NA,NA,NA,NA,SMCR8
NA,NA,NA,NA,NA,NA,NA,SMG1
NA,NA,NA,NA,NA,NA,NA,SMG6
NA,NA,NA,NA,NA,NA,NA,SMOX
NA,NA,NA,NA,NA,NA,NA,SMU1
NA,NA,NA,NA,NA,NA,NA,SMURF2
NA,NA,NA,NA,NA,NA,NA,SNAI2
NA,NA,NA,NA,NA,NA,NA,SNAI3
NA,NA,NA,NA,NA,NA,NA,SNAPC1
NA,NA,NA,NA,NA,NA,NA,SNAPC2
NA,NA,NA,NA,NA,NA,NA,SNAPC3
NA,NA,NA,NA,NA,NA,NA,SNAPC4
NA,NA,NA,NA,NA,NA,NA,SNAPC5
NA,NA,NA,NA,NA,NA,NA,SNIP1
NA,NA,NA,NA,NA,NA,NA,SNRNP25
NA,NA,NA,NA,NA,NA,NA,SNRNP27
NA,NA,NA,NA,NA,NA,NA,SNRNP35
NA,NA,NA,NA,NA,NA,NA,SNRNP48
NA,NA,NA,NA,NA,NA,NA,SNRPB
NA,NA,NA,NA,NA,NA,NA,SNRPD1
NA,NA,NA,NA,NA,NA,NA,SNRPD2
NA,NA,NA,NA,NA,NA,NA,SNRPE
NA,NA,NA,NA,NA,NA,NA,SNRPF
NA,NA,NA,NA,NA,NA,NA,SNRPN
NA,NA,NA,NA,NA,NA,NA,SNU13
NA,NA,NA,NA,NA,NA,NA,SNUPN
NA,NA,NA,NA,NA,NA,NA,SNURF
NA,NA,NA,NA,NA,NA,NA,SNW1
NA,NA,NA,NA,NA,NA,NA,SOBP
NA,NA,NA,NA,NA,NA,NA,SOCS1
NA,NA,NA,NA,NA,NA,NA,SOHLH1
NA,NA,NA,NA,NA,NA,NA,SON
NA,NA,NA,NA,NA,NA,NA,SORBS3
NA,NA,NA,NA,NA,NA,NA,SORL1
NA,NA,NA,NA,NA,NA,NA,SOX10
NA,NA,NA,NA,NA,NA,NA,SOX12
NA,NA,NA,NA,NA,NA,NA,SOX13
NA,NA,NA,NA,NA,NA,NA,SOX15
NA,NA,NA,NA,NA,NA,NA,SOX17
NA,NA,NA,NA,NA,NA,NA,SOX18
NA,NA,NA,NA,NA,NA,NA,SOX2
NA,NA,NA,NA,NA,NA,NA,SOX21
NA,NA,NA,NA,NA,NA,NA,SOX3
NA,NA,NA,NA,NA,NA,NA,SOX5
NA,NA,NA,NA,NA,NA,NA,SOX6
NA,NA,NA,NA,NA,NA,NA,SOX7
NA,NA,NA,NA,NA,NA,NA,SOX8
NA,NA,NA,NA,NA,NA,NA,SOX9
NA,NA,NA,NA,NA,NA,NA,SP1
NA,NA,NA,NA,NA,NA,NA,SP100
NA,NA,NA,NA,NA,NA,NA,SP110
NA,NA,NA,NA,NA,NA,NA,SP140
NA,NA,NA,NA,NA,NA,NA,SP2
NA,NA,NA,NA,NA,NA,NA,SP4
NA,NA,NA,NA,NA,NA,NA,SP5
NA,NA,NA,NA,NA,NA,NA,SP6
NA,NA,NA,NA,NA,NA,NA,SP8
NA,NA,NA,NA,NA,NA,NA,SPAG7
NA,NA,NA,NA,NA,NA,NA,SPATA2
NA,NA,NA,NA,NA,NA,NA,SPATA33
NA,NA,NA,NA,NA,NA,NA,SPC24
NA,NA,NA,NA,NA,NA,NA,SPDEF
NA,NA,NA,NA,NA,NA,NA,SPDYA
NA,NA,NA,NA,NA,NA,NA,SPI1
NA,NA,NA,NA,NA,NA,NA,SPIDR
NA,NA,NA,NA,NA,NA,NA,SPPL2B
NA,NA,NA,NA,NA,NA,NA,SPRED1
NA,NA,NA,NA,NA,NA,NA,SPRTN
NA,NA,NA,NA,NA,NA,NA,SPTY2D1
NA,NA,NA,NA,NA,NA,NA,SRA1
NA,NA,NA,NA,NA,NA,NA,SRCAP
NA,NA,NA,NA,NA,NA,NA,SREBF2
NA,NA,NA,NA,NA,NA,NA,SREK1
NA,NA,NA,NA,NA,NA,NA,SRF
NA,NA,NA,NA,NA,NA,NA,SRP14
NA,NA,NA,NA,NA,NA,NA,SRRM1
NA,NA,NA,NA,NA,NA,NA,SRRM2
NA,NA,NA,NA,NA,NA,NA,SRRT
NA,NA,NA,NA,NA,NA,NA,SRSF10
NA,NA,NA,NA,NA,NA,NA,SRSF11
NA,NA,NA,NA,NA,NA,NA,SRSF2
NA,NA,NA,NA,NA,NA,NA,SRSF3
NA,NA,NA,NA,NA,NA,NA,SRSF4
NA,NA,NA,NA,NA,NA,NA,SRSF5
NA,NA,NA,NA,NA,NA,NA,SRSF6
NA,NA,NA,NA,NA,NA,NA,SRSF7
NA,NA,NA,NA,NA,NA,NA,SS18L2
NA,NA,NA,NA,NA,NA,NA,SSB
NA,NA,NA,NA,NA,NA,NA,SSBP2
NA,NA,NA,NA,NA,NA,NA,SSH3
NA,NA,NA,NA,NA,NA,NA,ST6GALNAC3
NA,NA,NA,NA,NA,NA,NA,STAC3
NA,NA,NA,NA,NA,NA,NA,STAG3
NA,NA,NA,NA,NA,NA,NA,STAMBP
NA,NA,NA,NA,NA,NA,NA,STAU2
NA,NA,NA,NA,NA,NA,NA,STK11
NA,NA,NA,NA,NA,NA,NA,STK19
NA,NA,NA,NA,NA,NA,NA,STK33
NA,NA,NA,NA,NA,NA,NA,STK35
NA,NA,NA,NA,NA,NA,NA,STK4
NA,NA,NA,NA,NA,NA,NA,STOX1
NA,NA,NA,NA,NA,NA,NA,STPG1
NA,NA,NA,NA,NA,NA,NA,STYX
NA,NA,NA,NA,NA,NA,NA,SUFU
NA,NA,NA,NA,NA,NA,NA,SUGP2
NA,NA,NA,NA,NA,NA,NA,SUMO2
NA,NA,NA,NA,NA,NA,NA,SUMO3
NA,NA,NA,NA,NA,NA,NA,SUPT6
NA,NA,NA,NA,NA,NA,NA,SUPT7L
NA,NA,NA,NA,NA,NA,NA,SURF2
NA,NA,NA,NA,NA,NA,NA,SWI5
NA,NA,NA,NA,NA,NA,NA,SYCE2
NA,NA,NA,NA,NA,NA,NA,SYCE3
NA,NA,NA,NA,NA,NA,NA,SYCP2
NA,NA,NA,NA,NA,NA,NA,SYCP2L
NA,NA,NA,NA,NA,NA,NA,SYMPK
NA,NA,NA,NA,NA,NA,NA,SYNE2
NA,NA,NA,NA,NA,NA,NA,SYNE3
NA,NA,NA,NA,NA,NA,NA,SYNPO2L
NA,NA,NA,NA,NA,NA,NA,SYVN1
NA,NA,NA,NA,NA,NA,NA,T
NA,NA,NA,NA,NA,NA,NA,TAB1
NA,NA,NA,NA,NA,NA,NA,TADA1
NA,NA,NA,NA,NA,NA,NA,TADA2A
NA,NA,NA,NA,NA,NA,NA,TADA2B
NA,NA,NA,NA,NA,NA,NA,TADA3
NA,NA,NA,NA,NA,NA,NA,TAF1
NA,NA,NA,NA,NA,NA,NA,TAF10
NA,NA,NA,NA,NA,NA,NA,TAF11
NA,NA,NA,NA,NA,NA,NA,TAF13
NA,NA,NA,NA,NA,NA,NA,TAF15
NA,NA,NA,NA,NA,NA,NA,TAF1A
NA,NA,NA,NA,NA,NA,NA,TAF1B
NA,NA,NA,NA,NA,NA,NA,TAF1C
NA,NA,NA,NA,NA,NA,NA,TAF1D
NA,NA,NA,NA,NA,NA,NA,TAF3
NA,NA,NA,NA,NA,NA,NA,TAF4B
NA,NA,NA,NA,NA,NA,NA,TAF5
NA,NA,NA,NA,NA,NA,NA,TAF5L
NA,NA,NA,NA,NA,NA,NA,TAF6L
NA,NA,NA,NA,NA,NA,NA,TAF7
NA,NA,NA,NA,NA,NA,NA,TAF7L
NA,NA,NA,NA,NA,NA,NA,TAF8
NA,NA,NA,NA,NA,NA,NA,TAF9
NA,NA,NA,NA,NA,NA,NA,TAF9B
NA,NA,NA,NA,NA,NA,NA,TAL1
NA,NA,NA,NA,NA,NA,NA,TARBP2
NA,NA,NA,NA,NA,NA,NA,TATDN1
NA,NA,NA,NA,NA,NA,NA,TATDN2
NA,NA,NA,NA,NA,NA,NA,TATDN3
NA,NA,NA,NA,NA,NA,NA,TBL1X
NA,NA,NA,NA,NA,NA,NA,TBL1XR1
NA,NA,NA,NA,NA,NA,NA,TBPL1
NA,NA,NA,NA,NA,NA,NA,TBRG1
NA,NA,NA,NA,NA,NA,NA,TBX1
NA,NA,NA,NA,NA,NA,NA,TBX15
NA,NA,NA,NA,NA,NA,NA,TBX19
NA,NA,NA,NA,NA,NA,NA,TBX2
NA,NA,NA,NA,NA,NA,NA,TBX3
NA,NA,NA,NA,NA,NA,NA,TBX5
NA,NA,NA,NA,NA,NA,NA,TBXA2R
NA,NA,NA,NA,NA,NA,NA,TC2N
NA,NA,NA,NA,NA,NA,NA,TCEA1
NA,NA,NA,NA,NA,NA,NA,TCEA2
NA,NA,NA,NA,NA,NA,NA,TCEA3
NA,NA,NA,NA,NA,NA,NA,TCEAL1
NA,NA,NA,NA,NA,NA,NA,TCEAL7
NA,NA,NA,NA,NA,NA,NA,TCEAL8
NA,NA,NA,NA,NA,NA,NA,TCEANC2
NA,NA,NA,NA,NA,NA,NA,TCERG1
NA,NA,NA,NA,NA,NA,NA,TCF15
NA,NA,NA,NA,NA,NA,NA,TCF3
NA,NA,NA,NA,NA,NA,NA,TCF4
NA,NA,NA,NA,NA,NA,NA,TCF7
NA,NA,NA,NA,NA,NA,NA,TCF7L1
NA,NA,NA,NA,NA,NA,NA,TCF7L2
NA,NA,NA,NA,NA,NA,NA,TCFL5
NA,NA,NA,NA,NA,NA,NA,TDG
NA,NA,NA,NA,NA,NA,NA,TDP1
NA,NA,NA,NA,NA,NA,NA,TDP2
NA,NA,NA,NA,NA,NA,NA,TDRD3
NA,NA,NA,NA,NA,NA,NA,TEAD1
NA,NA,NA,NA,NA,NA,NA,TEAD2
NA,NA,NA,NA,NA,NA,NA,TEAD4
NA,NA,NA,NA,NA,NA,NA,TEN1
NA,NA,NA,NA,NA,NA,NA,TENM2
NA,NA,NA,NA,NA,NA,NA,TEP1
NA,NA,NA,NA,NA,NA,NA,TERT
NA,NA,NA,NA,NA,NA,NA,TESC
NA,NA,NA,NA,NA,NA,NA,TESK2
NA,NA,NA,NA,NA,NA,NA,TET2
NA,NA,NA,NA,NA,NA,NA,TET3
NA,NA,NA,NA,NA,NA,NA,TEX10
NA,NA,NA,NA,NA,NA,NA,TEX15
NA,NA,NA,NA,NA,NA,NA,TFAP2A
NA,NA,NA,NA,NA,NA,NA,TFAP2B
NA,NA,NA,NA,NA,NA,NA,TFAP2C
NA,NA,NA,NA,NA,NA,NA,TFCP2
NA,NA,NA,NA,NA,NA,NA,TFDP1
NA,NA,NA,NA,NA,NA,NA,TFDP2
NA,NA,NA,NA,NA,NA,NA,TFEB
NA,NA,NA,NA,NA,NA,NA,TFEC
NA,NA,NA,NA,NA,NA,NA,TFIP11
NA,NA,NA,NA,NA,NA,NA,TFPT
NA,NA,NA,NA,NA,NA,NA,TGIF1
NA,NA,NA,NA,NA,NA,NA,TGIF2
NA,NA,NA,NA,NA,NA,NA,THAP1
NA,NA,NA,NA,NA,NA,NA,THAP11
NA,NA,NA,NA,NA,NA,NA,THAP7
NA,NA,NA,NA,NA,NA,NA,THOC3
NA,NA,NA,NA,NA,NA,NA,THOC5
NA,NA,NA,NA,NA,NA,NA,THRB
NA,NA,NA,NA,NA,NA,NA,THRSP
NA,NA,NA,NA,NA,NA,NA,TIA1
NA,NA,NA,NA,NA,NA,NA,TICRR
NA,NA,NA,NA,NA,NA,NA,TIGD2
NA,NA,NA,NA,NA,NA,NA,TIGD3
NA,NA,NA,NA,NA,NA,NA,TIMELESS
NA,NA,NA,NA,NA,NA,NA,TINF2
NA,NA,NA,NA,NA,NA,NA,TIPIN
NA,NA,NA,NA,NA,NA,NA,TLE1
NA,NA,NA,NA,NA,NA,NA,TLE2
NA,NA,NA,NA,NA,NA,NA,TLE3
NA,NA,NA,NA,NA,NA,NA,TLE4
NA,NA,NA,NA,NA,NA,NA,TLK2
NA,NA,NA,NA,NA,NA,NA,TLX2
NA,NA,NA,NA,NA,NA,NA,TLX3
NA,NA,NA,NA,NA,NA,NA,TM2D1
NA,NA,NA,NA,NA,NA,NA,TMA16
NA,NA,NA,NA,NA,NA,NA,TMEM179B
NA,NA,NA,NA,NA,NA,NA,TMEM201
NA,NA,NA,NA,NA,NA,NA,TMEM38A
NA,NA,NA,NA,NA,NA,NA,TMUB1
NA,NA,NA,NA,NA,NA,NA,TNFAIP1
NA,NA,NA,NA,NA,NA,NA,TNFAIP8
NA,NA,NA,NA,NA,NA,NA,TNIP1
NA,NA,NA,NA,NA,NA,NA,TNIP2
NA,NA,NA,NA,NA,NA,NA,TNKS
NA,NA,NA,NA,NA,NA,NA,TNPO1
NA,NA,NA,NA,NA,NA,NA,TNRC18
NA,NA,NA,NA,NA,NA,NA,TNRC6C
NA,NA,NA,NA,NA,NA,NA,TOB1
NA,NA,NA,NA,NA,NA,NA,TOE1
NA,NA,NA,NA,NA,NA,NA,TONSL
NA,NA,NA,NA,NA,NA,NA,TOPORS
NA,NA,NA,NA,NA,NA,NA,TOR1AIP1
NA,NA,NA,NA,NA,NA,NA,TOX
NA,NA,NA,NA,NA,NA,NA,TOX2
NA,NA,NA,NA,NA,NA,NA,TOX3
NA,NA,NA,NA,NA,NA,NA,TRA2A
NA,NA,NA,NA,NA,NA,NA,TRAK2
NA,NA,NA,NA,NA,NA,NA,TRDMT1
NA,NA,NA,NA,NA,NA,NA,TRERF1
NA,NA,NA,NA,NA,NA,NA,TRIB2
NA,NA,NA,NA,NA,NA,NA,TRIB3
NA,NA,NA,NA,NA,NA,NA,TRIM21
NA,NA,NA,NA,NA,NA,NA,TRIM26
NA,NA,NA,NA,NA,NA,NA,TRIM27
NA,NA,NA,NA,NA,NA,NA,TRIM35
NA,NA,NA,NA,NA,NA,NA,TRIM41
NA,NA,NA,NA,NA,NA,NA,TRIM65
NA,NA,NA,NA,NA,NA,NA,TRIM66
NA,NA,NA,NA,NA,NA,NA,TRIM8
NA,NA,NA,NA,NA,NA,NA,TRIP12
NA,NA,NA,NA,NA,NA,NA,TRIP13
NA,NA,NA,NA,NA,NA,NA,TRIP4
NA,NA,NA,NA,NA,NA,NA,TRIT1
NA,NA,NA,NA,NA,NA,NA,TRMT1L
NA,NA,NA,NA,NA,NA,NA,TRMT5
NA,NA,NA,NA,NA,NA,NA,TRMT6
NA,NA,NA,NA,NA,NA,NA,TRNAU1AP
NA,NA,NA,NA,NA,NA,NA,TRO
NA,NA,NA,NA,NA,NA,NA,TRP53
NA,NA,NA,NA,NA,NA,NA,TRPM4
NA,NA,NA,NA,NA,NA,NA,TRPS1
NA,NA,NA,NA,NA,NA,NA,TSC22D1
NA,NA,NA,NA,NA,NA,NA,TSEN15
NA,NA,NA,NA,NA,NA,NA,TSEN2
NA,NA,NA,NA,NA,NA,NA,TSEN34
NA,NA,NA,NA,NA,NA,NA,TSHZ1
NA,NA,NA,NA,NA,NA,NA,TSHZ3
NA,NA,NA,NA,NA,NA,NA,TSNAX
NA,NA,NA,NA,NA,NA,NA,TSPAN1
NA,NA,NA,NA,NA,NA,NA,TSPYL1
NA,NA,NA,NA,NA,NA,NA,TSR1
NA,NA,NA,NA,NA,NA,NA,TSSK3
NA,NA,NA,NA,NA,NA,NA,TTC3
NA,NA,NA,NA,NA,NA,NA,TTC5
NA,NA,NA,NA,NA,NA,NA,TTF1
NA,NA,NA,NA,NA,NA,NA,TUBGCP2
NA,NA,NA,NA,NA,NA,NA,TULP3
NA,NA,NA,NA,NA,NA,NA,TUT1
NA,NA,NA,NA,NA,NA,NA,TWIST2
NA,NA,NA,NA,NA,NA,NA,TXNL4A
NA,NA,NA,NA,NA,NA,NA,TXNL4B
NA,NA,NA,NA,NA,NA,NA,TXNRD3
NA,NA,NA,NA,NA,NA,NA,U2AF1L4
NA,NA,NA,NA,NA,NA,NA,U2SURP
NA,NA,NA,NA,NA,NA,NA,UACA
NA,NA,NA,NA,NA,NA,NA,UBA2
NA,NA,NA,NA,NA,NA,NA,UBA7
NA,NA,NA,NA,NA,NA,NA,UBD
NA,NA,NA,NA,NA,NA,NA,UBE2A
NA,NA,NA,NA,NA,NA,NA,UBE2B
NA,NA,NA,NA,NA,NA,NA,UBE2E1
NA,NA,NA,NA,NA,NA,NA,UBE2Q1
NA,NA,NA,NA,NA,NA,NA,UBE2QL1
NA,NA,NA,NA,NA,NA,NA,UBE2T
NA,NA,NA,NA,NA,NA,NA,UBE2W
NA,NA,NA,NA,NA,NA,NA,UBE3A
NA,NA,NA,NA,NA,NA,NA,UBE4A
NA,NA,NA,NA,NA,NA,NA,UBLCP1
NA,NA,NA,NA,NA,NA,NA,UBN1
NA,NA,NA,NA,NA,NA,NA,UBN2
NA,NA,NA,NA,NA,NA,NA,UBOX5
NA,NA,NA,NA,NA,NA,NA,UBP1
NA,NA,NA,NA,NA,NA,NA,UBQLN1
NA,NA,NA,NA,NA,NA,NA,UBR2
NA,NA,NA,NA,NA,NA,NA,UBR5
NA,NA,NA,NA,NA,NA,NA,UBTF
NA,NA,NA,NA,NA,NA,NA,UBXN1
NA,NA,NA,NA,NA,NA,NA,UBXN2B
NA,NA,NA,NA,NA,NA,NA,UBXN7
NA,NA,NA,NA,NA,NA,NA,UHRF2
NA,NA,NA,NA,NA,NA,NA,UIMC1
NA,NA,NA,NA,NA,NA,NA,UNC45A
NA,NA,NA,NA,NA,NA,NA,UNCX
NA,NA,NA,NA,NA,NA,NA,UPF3A
NA,NA,NA,NA,NA,NA,NA,UPP1
NA,NA,NA,NA,NA,NA,NA,URB1
NA,NA,NA,NA,NA,NA,NA,URB2
NA,NA,NA,NA,NA,NA,NA,URI1
NA,NA,NA,NA,NA,NA,NA,USB1
NA,NA,NA,NA,NA,NA,NA,USF2
NA,NA,NA,NA,NA,NA,NA,USP1
NA,NA,NA,NA,NA,NA,NA,USP11
NA,NA,NA,NA,NA,NA,NA,USP16
NA,NA,NA,NA,NA,NA,NA,USP22
NA,NA,NA,NA,NA,NA,NA,USP28
NA,NA,NA,NA,NA,NA,NA,USP37
NA,NA,NA,NA,NA,NA,NA,USP44
NA,NA,NA,NA,NA,NA,NA,USP45
NA,NA,NA,NA,NA,NA,NA,USP48
NA,NA,NA,NA,NA,NA,NA,UTF1
NA,NA,NA,NA,NA,NA,NA,UTP11
NA,NA,NA,NA,NA,NA,NA,UTP20
NA,NA,NA,NA,NA,NA,NA,UTP4
NA,NA,NA,NA,NA,NA,NA,UTRN
NA,NA,NA,NA,NA,NA,NA,UTY
NA,NA,NA,NA,NA,NA,NA,VAX1
NA,NA,NA,NA,NA,NA,NA,VAX2
NA,NA,NA,NA,NA,NA,NA,VDR
NA,NA,NA,NA,NA,NA,NA,VEZT
NA,NA,NA,NA,NA,NA,NA,VGLL1
NA,NA,NA,NA,NA,NA,NA,VGLL3
NA,NA,NA,NA,NA,NA,NA,VGLL4
NA,NA,NA,NA,NA,NA,NA,VHL
NA,NA,NA,NA,NA,NA,NA,VPS72
NA,NA,NA,NA,NA,NA,NA,VSIG10L
NA,NA,NA,NA,NA,NA,NA,VWA5A
NA,NA,NA,NA,NA,NA,NA,WAC
NA,NA,NA,NA,NA,NA,NA,WBP4
NA,NA,NA,NA,NA,NA,NA,WDHD1
NA,NA,NA,NA,NA,NA,NA,WDR12
NA,NA,NA,NA,NA,NA,NA,WDR19
NA,NA,NA,NA,NA,NA,NA,WDR27
NA,NA,NA,NA,NA,NA,NA,WDR4
NA,NA,NA,NA,NA,NA,NA,WDR55
NA,NA,NA,NA,NA,NA,NA,WDR76
NA,NA,NA,NA,NA,NA,NA,WDYHV1
NA,NA,NA,NA,NA,NA,NA,WEE1
NA,NA,NA,NA,NA,NA,NA,WIZ
NA,NA,NA,NA,NA,NA,NA,WRAP53
NA,NA,NA,NA,NA,NA,NA,WRN
NA,NA,NA,NA,NA,NA,NA,WRNIP1
NA,NA,NA,NA,NA,NA,NA,WT1
NA,NA,NA,NA,NA,NA,NA,WWTR1
NA,NA,NA,NA,NA,NA,NA,XPA
NA,NA,NA,NA,NA,NA,NA,XPC
NA,NA,NA,NA,NA,NA,NA,XPO5
NA,NA,NA,NA,NA,NA,NA,XPO6
NA,NA,NA,NA,NA,NA,NA,XPOT
NA,NA,NA,NA,NA,NA,NA,XRCC2
NA,NA,NA,NA,NA,NA,NA,XRCC3
NA,NA,NA,NA,NA,NA,NA,XRCC4
NA,NA,NA,NA,NA,NA,NA,XRCC5
NA,NA,NA,NA,NA,NA,NA,XRCC6
NA,NA,NA,NA,NA,NA,NA,XRRA1
NA,NA,NA,NA,NA,NA,NA,YAF2
NA,NA,NA,NA,NA,NA,NA,YAP1
NA,NA,NA,NA,NA,NA,NA,YBEY
NA,NA,NA,NA,NA,NA,NA,YBX2
NA,NA,NA,NA,NA,NA,NA,YEATS2
NA,NA,NA,NA,NA,NA,NA,YTHDC1
NA,NA,NA,NA,NA,NA,NA,YTHDC2
NA,NA,NA,NA,NA,NA,NA,YY2
NA,NA,NA,NA,NA,NA,NA,ZBED4
NA,NA,NA,NA,NA,NA,NA,ZBED6
NA,NA,NA,NA,NA,NA,NA,ZBTB1
NA,NA,NA,NA,NA,NA,NA,ZBTB10
NA,NA,NA,NA,NA,NA,NA,ZBTB11
NA,NA,NA,NA,NA,NA,NA,ZBTB14
NA,NA,NA,NA,NA,NA,NA,ZBTB18
NA,NA,NA,NA,NA,NA,NA,ZBTB20
NA,NA,NA,NA,NA,NA,NA,ZBTB21
NA,NA,NA,NA,NA,NA,NA,ZBTB22
NA,NA,NA,NA,NA,NA,NA,ZBTB24
NA,NA,NA,NA,NA,NA,NA,ZBTB25
NA,NA,NA,NA,NA,NA,NA,ZBTB34
NA,NA,NA,NA,NA,NA,NA,ZBTB38
NA,NA,NA,NA,NA,NA,NA,ZBTB4
NA,NA,NA,NA,NA,NA,NA,ZBTB40
NA,NA,NA,NA,NA,NA,NA,ZBTB41
NA,NA,NA,NA,NA,NA,NA,ZBTB42
NA,NA,NA,NA,NA,NA,NA,ZBTB43
NA,NA,NA,NA,NA,NA,NA,ZBTB44
NA,NA,NA,NA,NA,NA,NA,ZBTB46
NA,NA,NA,NA,NA,NA,NA,ZBTB49
NA,NA,NA,NA,NA,NA,NA,ZBTB5
NA,NA,NA,NA,NA,NA,NA,ZBTB6
NA,NA,NA,NA,NA,NA,NA,ZBTB7A
NA,NA,NA,NA,NA,NA,NA,ZBTB7B
NA,NA,NA,NA,NA,NA,NA,ZBTB8A
NA,NA,NA,NA,NA,NA,NA,ZC3H11A
NA,NA,NA,NA,NA,NA,NA,ZC3H12D
NA,NA,NA,NA,NA,NA,NA,ZC3H4
NA,NA,NA,NA,NA,NA,NA,ZC3HC1
NA,NA,NA,NA,NA,NA,NA,ZCCHC12
NA,NA,NA,NA,NA,NA,NA,ZCCHC17
NA,NA,NA,NA,NA,NA,NA,ZCCHC4
NA,NA,NA,NA,NA,NA,NA,ZCCHC8
NA,NA,NA,NA,NA,NA,NA,ZCCHC9
NA,NA,NA,NA,NA,NA,NA,ZEB1
NA,NA,NA,NA,NA,NA,NA,ZEB2
NA,NA,NA,NA,NA,NA,NA,ZFAT
NA,NA,NA,NA,NA,NA,NA,ZFC3H1
NA,NA,NA,NA,NA,NA,NA,ZFHX2
NA,NA,NA,NA,NA,NA,NA,ZFHX3
NA,NA,NA,NA,NA,NA,NA,ZFHX4
NA,NA,NA,NA,NA,NA,NA,ZFP1
NA,NA,NA,NA,NA,NA,NA,ZFP14
NA,NA,NA,NA,NA,NA,NA,ZFP2
NA,NA,NA,NA,NA,NA,NA,ZFP219
NA,NA,NA,NA,NA,NA,NA,ZFP28
NA,NA,NA,NA,NA,NA,NA,ZFP281
NA,NA,NA,NA,NA,NA,NA,ZFP292
NA,NA,NA,NA,NA,NA,NA,ZFP3
NA,NA,NA,NA,NA,NA,NA,ZFP422
NA,NA,NA,NA,NA,NA,NA,ZFP462
NA,NA,NA,NA,NA,NA,NA,ZFP553
NA,NA,NA,NA,NA,NA,NA,ZFP609
NA,NA,NA,NA,NA,NA,NA,ZFP62
NA,NA,NA,NA,NA,NA,NA,ZFP638
NA,NA,NA,NA,NA,NA,NA,ZFP64
NA,NA,NA,NA,NA,NA,NA,ZFP69
NA,NA,NA,NA,NA,NA,NA,ZFP91
NA,NA,NA,NA,NA,NA,NA,ZFPM1
NA,NA,NA,NA,NA,NA,NA,ZFPM2
NA,NA,NA,NA,NA,NA,NA,ZFX
NA,NA,NA,NA,NA,NA,NA,ZGLP1
NA,NA,NA,NA,NA,NA,NA,ZGPAT
NA,NA,NA,NA,NA,NA,NA,ZHX1
NA,NA,NA,NA,NA,NA,NA,ZHX3
NA,NA,NA,NA,NA,NA,NA,ZIC1
NA,NA,NA,NA,NA,NA,NA,ZIC2
NA,NA,NA,NA,NA,NA,NA,ZIC3
NA,NA,NA,NA,NA,NA,NA,ZIC4
NA,NA,NA,NA,NA,NA,NA,ZKSCAN1
NA,NA,NA,NA,NA,NA,NA,ZKSCAN3
NA,NA,NA,NA,NA,NA,NA,ZMAT1
NA,NA,NA,NA,NA,NA,NA,ZMAT3
NA,NA,NA,NA,NA,NA,NA,ZMAT4
NA,NA,NA,NA,NA,NA,NA,ZMAT5
NA,NA,NA,NA,NA,NA,NA,ZMIZ1
NA,NA,NA,NA,NA,NA,NA,ZMIZ2
NA,NA,NA,NA,NA,NA,NA,ZMYND11
NA,NA,NA,NA,NA,NA,NA,ZMYND15
NA,NA,NA,NA,NA,NA,NA,ZNHIT1
NA,NA,NA,NA,NA,NA,NA,ZNHIT6
NA,NA,NA,NA,NA,NA,NA,ZNRD1
NA,NA,NA,NA,NA,NA,NA,ZRANB1
NA,NA,NA,NA,NA,NA,NA,ZRANB2
NA,NA,NA,NA,NA,NA,NA,ZRANB3
NA,NA,NA,NA,NA,NA,NA,ZSCAN18
NA,NA,NA,NA,NA,NA,NA,ZSCAN2
NA,NA,NA,NA,NA,NA,NA,ZSCAN20
NA,NA,NA,NA,NA,NA,NA,ZSCAN21
NA,NA,NA,NA,NA,NA,NA,ZXDB
NA,NA,NA,NA,NA,NA,NA,ZXDC
NA,NA,NA,NA,NA,NA,NA,ZZZ3
